"gene","spearman_rho","p"
"CLPP",0.718216472682669,6.61140523079286e-48
"THOP1",0.684794165250991,5.03801994163953e-42
"HDGFL2",0.672963168028824,3.97414384173242e-40
"WDR18",0.669724211776456,1.26858475712819e-39
"SGTA",0.635684240723535,1.09493378128139e-34
"DUS3L",0.626223315148932,2.01176016580941e-33
"MAP2K2",0.625746845275971,2.32325559994349e-33
"NDUFA11",0.614140152503415,7.18363283556423e-32
"UBXN6",0.614019736430466,7.43844011493094e-32
"TIMM13",0.596729405014739,9.53538186013254e-30
"GTF2F1",0.595563966316555,1.30874211987906e-29
"POLR2E",0.593205700166339,2.47406770927044e-29
"LSM7",0.590133791701444,5.6268871997922e-29
"ALKBH7",0.58586881967457,1.73560953588822e-28
"EIF3G",0.581960845887496,4.80172706311279e-28
"RPL36",0.577277250924666,1.5969065104357e-27
"MICOS13",0.569726927040846,1.06452735824088e-26
"MBD3",0.564956561672508,3.44240888017414e-26
"CD320",0.563530929812777,4.87071803191266e-26
"NCLN",0.556260632326049,2.7865328724398e-25
"FARSA",0.556188854902174,2.83432820739169e-25
"CACTIN",0.555999966944607,2.96400110720257e-25
"SIRT6",0.552173569144208,7.29116293104488e-25
"RANBP3",0.549971607778878,1.2175526435061e-24
"CDC34",0.549947996784182,1.22424034731639e-24
"POLRMT",0.543796388226141,5.02697124092944e-24
"SLC39A3",0.539235216270809,1.40627486576316e-23
"FAM174C",0.538199165823557,1.77258394571242e-23
"TIMM44",0.534597544692662,3.93927037964147e-23
"MYDGF",0.534314684976206,4.19254238601311e-23
"MRPL54",0.530124677857491,1.04804163297633e-22
"RPS15",0.52812388216697,1.61599418442002e-22
"TMEM161A",0.525846365618614,2.63632465843861e-22
"UQCR11",0.525351951389684,2.93042660326767e-22
"DHPS",0.524103401990171,3.82462903257542e-22
"PRDX2",0.522756276687802,5.09148798030138e-22
"XAB2",0.522224911252174,5.69776473273336e-22
"NDUFS7",0.520131088242551,8.85934299353369e-22
"SAFB",0.51846320757724,1.25648201639097e-21
"FBXW9",0.518287187611783,1.3035360547826e-21
"SLX9",0.511896517732447,4.88190176603457e-21
"PLEKHJ1",0.511268937493433,5.5495341941187e-21
"CCDC124",0.511086306449461,5.76016126306946e-21
"HMG20B",0.508762394296528,9.23524278671181e-21
"RAVER1",0.50510505121815,1.92725678217411e-20
"NDUFA13",0.504264972026874,2.27921273477656e-20
"DOHH",0.503566086583879,2.61959346013893e-20
"NDUFA7",0.502205148849613,3.43201153188523e-20
"ATP5F1D",0.502059705122287,3.53228082526859e-20
"BABAM1",0.500727690856524,4.59532014418978e-20
"ARMC6",0.50050799055088,4.79859148152432e-20
"MED16",0.497933919909145,7.9496858247385e-20
"RRP9",0.494347882034748,1.59480426387202e-19
"YJU2",0.493577691387772,1.85005120666542e-19
"MPND",0.493306637168664,1.94910982491524e-19
"ABHD17A",0.491395563257987,2.81176465530378e-19
"C19ORF25",0.486875002213531,6.6295176627183e-19
"EEF2",0.485287753095106,8.93247547771662e-19
"TCF3",0.481364196051533,1.85433644085025e-18
"GADD45GIP1",0.479088568382753,2.82041856628028e-18
"KXD1",0.478597931912975,3.08605172559581e-18
"APBA3",0.477804130271302,3.56872958341184e-18
"PIN1",0.476432803699371,4.58304572844198e-18
"RPL18A",0.475576196811807,5.35513202057431e-18
"UQCRC1",0.474567535118403,6.42903796213361e-18
"CHAF1A",0.473492880694824,7.80597764753194e-18
"QTRT1",0.473453096168762,7.86215817056386e-18
"FDX2",0.471618521880899,1.09324935968251e-17
"SPPL2B",0.470602304669192,1.31117220438056e-17
"MRPS2",0.470564999297573,1.31993532173167e-17
"ZNF653",0.46968667029489,1.54369830058799e-17
"MLLT1",0.468823452328811,1.79974906344221e-17
"DDX49",0.468253482916855,1.99120750725273e-17
"MRPL4",0.466675796251282,2.63159480905481e-17
"STUB1",0.465348386129485,3.32374074987476e-17
"POLD2",0.465216164559189,3.40176385936952e-17
"RPSA",0.464978165732655,3.54676010189448e-17
"GRHPR",0.463648276456415,4.47575123673243e-17
"ALYREF",0.462851759550352,5.1424314466703e-17
"TMEM259",0.462181207300992,5.77846912163358e-17
"ATP13A1",0.460468465745759,7.77438641447538e-17
"APEH",0.459476331748642,9.22521826185001e-17
"COPE",0.458133220315372,1.16196041842114e-16
"MRPL34",0.458014338957079,1.18587880311925e-16
"RPSA2",0.455216436085628,1.91122181959616e-16
"BTBD2",0.453855026131468,2.40702233070761e-16
"ZNF414",0.453528249964879,2.54364801164373e-16
"POC1A",0.453481382140407,2.56385695340596e-16
"CSNK1G2",0.451455676850482,3.60523373576107e-16
"FKBP8",0.451038706684155,3.86619697641089e-16
"IFRD2",0.450371459974051,4.32280312548341e-16
"SLC25A26",0.448892467266307,5.5315905591752e-16
"SUGP1",0.448174338862635,6.23243943669526e-16
"MRPL12",0.446088425536235,8.79937337483822e-16
"PMPCA",0.446023731410769,8.89367349329764e-16
"PRR22",0.445548205977595,9.61787338899611e-16
"NDUFB7",0.44554631709802,9.62086223824058e-16
"NTMT1",0.444968792167761,1.05787115019845e-15
"EXOSC4",0.441229282827842,1.94734290885942e-15
"KLF16",0.440799090504484,2.08795287109694e-15
"LSM4",0.439999268059164,2.37629813252401e-15
"RAD23A",0.438139075842057,3.206211858758e-15
"PPAN",0.436965609405676,3.86944868250168e-15
"DAZAP1",0.435921531220228,4.57127768325212e-15
"RPL29",0.435504088834006,4.88551475741989e-15
"SF3A2",0.433972679718038,6.23005731513138e-15
"PDXP",0.43393442990663,6.26790389687487e-15
"DHX30",0.433689347781688,6.51580054589576e-15
"UBA52",0.431225304375235,9.60675826760506e-15
"OAZ1",0.430571870097029,1.06429131757619e-14
"GPX4",0.430444252670699,1.08576816429367e-14
"RAB11B",0.430114170964851,1.14330497732718e-14
"IMPDH2",0.429373257951298,1.2835391836574e-14
"CHCHD2",0.428693261304059,1.42697679490401e-14
"RACK1",0.428175236080433,1.54666629913527e-14
"MAP1S",0.427766293652302,1.64804194315623e-14
"SNAPC2",0.426629660367647,1.96519992642282e-14
"MDH2",0.425392916465481,2.37822011537662e-14
"UQCC5",0.424937106212879,2.55093795238922e-14
"PES1",0.424556615033356,2.70446485305415e-14
"DAPK3",0.424306338489581,2.81034179163752e-14
"RABL6",0.423696702606536,3.08550314716348e-14
"TEX264",0.423422815068065,3.21754475351344e-14
"MIF",0.422875512211016,3.49817098756351e-14
"SF3B5",0.422311681657681,3.81228546642512e-14
"ELAVL1",0.421634046109912,4.22644581923203e-14
"BRAT1",0.421367241869849,4.4013183460741e-14
"P2RY11",0.421237853618916,4.4886529276166e-14
"RRP1",0.420329184488049,5.15157957081027e-14
"STXBP2",0.419176613781974,6.13145906554569e-14
"AP3D1",0.419075558724676,6.22559075415011e-14
"SLC25A38",0.418709116086997,6.57893155136794e-14
"NHP2",0.418372423302635,6.9208283972301e-14
"MLST8",0.417918265819662,7.40965760544213e-14
"RFXANK",0.416677626103371,8.92359103581525e-14
"PNPLA6",0.415710991980526,1.03090483329253e-13
"RAB3A",0.414950717951321,1.15445061610106e-13
"SLC4A5",0.413692842208903,1.39133937204593e-13
"RPS9",0.413596391295571,1.41134893976278e-13
"ELP6",0.413433947652064,1.44568689426949e-13
"FZR1",0.413259226291315,1.48353176065143e-13
"SLC19A1",0.412281258891015,1.71392876948926e-13
"GCDH",0.411200819773736,2.00919030854145e-13
"TRAPPC5",0.410484462194666,2.23178197845721e-13
"RPL14",0.410262518844525,2.30551033294134e-13
"TRAP1",0.409596688794104,2.54126757006557e-13
"VPS51",0.408898747790896,2.81366415504542e-13
"RPL23A",0.408257000955065,3.08917765463824e-13
"MPV17L2",0.405981845506178,4.29514537726038e-13
"STK11",0.405706069088132,4.46944674294544e-13
"STOML2",0.405622958386802,4.52331758059981e-13
"ECSIT",0.405472792460537,4.62226518928072e-13
"CDC37",0.40526690458679,4.7613729108627e-13
"MRPL37",0.405249904670609,4.7730399257938e-13
"AKAP8L",0.404966100514366,4.97198923200724e-13
"NAA38",0.404696935174834,5.16814821144333e-13
"GET3",0.404089542336284,5.63898235174446e-13
"SCAMP4",0.403238247922528,6.3700430477386e-13
"TACC3",0.402977582541086,6.61184849288871e-13
"ADAT3",0.402523307003139,7.05485086943e-13
"RPSAP9",0.401012675562502,8.74659279491739e-13
"SAMM50",0.400598538715538,9.27573856056732e-13
"PHB1",0.400488511480256,9.42149657924655e-13
"RNF126",0.400187235187938,9.83215078208275e-13
"LMNB2",0.39995962519907,1.01539318109388e-12
"INTS1",0.399076573997448,1.15025249061777e-12
"BSG",0.397768524891301,1.38268566729142e-12
"MRPL41",0.396364615146689,1.68314497517979e-12
"CCT7",0.395599146698652,1.87289946211502e-12
"HNRNPM",0.393513705592146,2.50208801754908e-12
"CMC1",0.393103936779201,2.64798193551093e-12
"RPS21",0.392651786230776,2.8186013352354e-12
"PTBP1",0.392540106225865,2.8623683480532e-12
"ASPSCR1",0.392362551545753,2.93331979133725e-12
"NPRL2",0.392354523807556,2.93656791704595e-12
"MRPS24",0.391895053850776,3.12843965567697e-12
"GPS1",0.391848186026305,3.14868525227782e-12
"KIF9",0.391228161305594,3.42885253457662e-12
"PHB2",0.39051440093594,3.78154411198087e-12
"MRPS25",0.390030729709597,4.04040018276321e-12
"PRELID1",0.389681286988099,4.23809047424486e-12
"PDF",0.389659092653085,4.25096018955771e-12
"RPL37A",0.38949806566926,4.34548231130772e-12
"RPL32",0.388226849714838,5.16719649401824e-12
"PTGES2",0.38751190879545,5.69397615369533e-12
"TUFM",0.385171941166123,7.81076905987202e-12
"NDUFS8",0.384870782928779,8.13359963849287e-12
"C19ORF48P",0.38466347839535,8.36334223145946e-12
"ELOF1",0.384568562196672,8.47063137095705e-12
"NOC4L",0.38334515850651,9.97953766411829e-12
"GARS1",0.382749453110335,1.08061228202155e-11
"PAM16",0.38118321777719,1.33106987336247e-11
"TRAIP",0.380911691338189,1.37989652664079e-11
"PGLS",0.380868719327842,1.38778213779408e-11
"SLC25A39",0.380699192385926,1.41932180168062e-11
"TIMM22",0.380681248029958,1.42270085249173e-11
"GATD3",0.380605220627037,1.43710451710565e-11
"MVB12A",0.380430971486182,1.47065469324003e-11
"TMED1",0.379794419069184,1.5998270877034e-11
"DCTPP1",0.379032728380298,1.76896395066435e-11
"MFSD12",0.378398064842875,1.92309003558788e-11
"RPL41",0.377836949553929,2.07019138321567e-11
"ABHD8",0.377822901012085,2.07401150346538e-11
"LPAR2",0.377817706593252,2.07542572283962e-11
"RPL27",0.377178793076784,2.25672894178255e-11
"ARL6IP4",0.377151404322937,2.26483630647383e-11
"MCRIP2",0.377064043642563,2.2908859938681e-11
"USE1",0.377036654888716,2.29911283808037e-11
"TPI1",0.376942683129826,2.32755872185173e-11
"NCKIPSD",0.376428907885246,2.48924647633785e-11
"OGFOD3",0.376200825676484,2.5644830219287e-11
"DDX39A",0.376009104399555,2.62943444110469e-11
"TRMT1",0.375871688410425,2.6769709910408e-11
"ADSL",0.374638250047517,3.14285859962627e-11
"DENND1A",0.374550889367143,3.1786960590303e-11
"SRRT",0.373780698720166,3.51235008260948e-11
"RPL26L1",0.373614949537402,3.58849005174127e-11
"SLC33A2",0.372795648021458,3.98908378238594e-11
"DDX41",0.372765898168141,4.0044202234797e-11
"EXOSC7",0.372549149236834,4.11790262017851e-11
"HDHD5",0.371941402233364,4.45305005928955e-11
"TBRG4",0.37118962816225,4.90449451336493e-11
"BNIP1",0.3704736247481,5.375699362572e-11
"NPRL3",0.369669906488655,5.95716727979884e-11
"PIH1D1",0.369484914345214,6.09942737006965e-11
"NTHL1",0.368759112368265,6.69018782526796e-11
"SCAP",0.368633501876484,6.79792770516008e-11
"TSSC4",0.367926116475398,7.43693093825831e-11
"DDX54",0.367812193425991,7.54516099000351e-11
"NUDC",0.367726839680166,7.62725193693508e-11
"NELFB",0.367686700989183,7.66615599499049e-11
"RPS5",0.367648451177775,7.70340886405377e-11
"YIF1A",0.367206925576964,8.14638157868649e-11
"MRM3",0.367120037116484,8.23642690371668e-11
"RPL19",0.366898093766343,8.47085151443263e-11
"DHODH",0.36628751344351,9.14975657632031e-11
"MAP2K7",0.366022125863129,9.46107867733995e-11
"EIF2S2",0.365981514952253,9.50961867274758e-11
"CRB3",0.365890376512727,9.61943481827402e-11
"RPS14",0.365805376931822,9.72296496998747e-11
"NDUFB11",0.365721321790705,9.82641014189883e-11
"FMC1",0.365451212011385,1.0166127709649e-10
"ASNS",0.365302462744802,1.03580589072572e-10
"ANAPC11",0.365097519310842,1.06282797404256e-10
"DDT",0.365077686075298,1.06547910478523e-10
"DPH7",0.365077686075298,1.06547910478523e-10
"SAFB2",0.364085552078181,1.20663016898965e-10
"PRDX4",0.363973163743429,1.2237223749515e-10
"RPL15",0.363817331178437,1.24781168542164e-10
"ZNF771",0.363627026561189,1.27785572153057e-10
"MRPL38",0.363579332351903,1.28549490312188e-10
"CEP131",0.363426805326168,1.31022440635729e-10
"MCRS1",0.363330944687703,1.32600252645836e-10
"VARS1",0.363085862562761,1.3671862544424e-10
"CLTA",0.362950807673101,1.39040966329013e-10
"PSMB6",0.362796391767791,1.41743237561078e-10
"PFN1",0.362554615182106,1.46077175646985e-10
"AARSD1",0.36236336612507,1.49596386257074e-10
"RNASEH2A",0.362225005696152,1.52193625929861e-10
"TPGS1",0.362176839266973,1.53108029567709e-10
"TADA3",0.361390711198577,1.68809145129589e-10
"REXO1",0.361322121258985,1.70251023696206e-10
"SRM",0.361062990592199,1.75807224961039e-10
"POLR3H",0.361044101796443,1.76219054010062e-10
"SNRPA",0.360804568255254,1.81523601599391e-10
"RPL7A",0.360481097627921,1.88933873085769e-10
"PSMB5",0.360191154613057,1.95825339524887e-10
"RUVBL2",0.360036266487853,1.99606257304212e-10
"AHCY",0.359975822341432,2.01100901802954e-10
"DMAC1",0.35973451797564,2.07176931486458e-10
"MCAT",0.359654712813569,2.09225400239604e-10
"IDI2",0.359537602279878,2.12267114544899e-10
"C19ORF53",0.359446463840352,2.14663947483427e-10
"HSD17B10",0.359205631694455,2.21124819102712e-10
"MON1A",0.359114021035035,2.2363176690257e-10
"EEF1D",0.3586044957695,2.3808713204679e-10
"CBS",0.358282441801849,2.47687918320176e-10
"GCAT",0.358249386409275,2.48694361270569e-10
"GRPEL1",0.35812601896199,2.52485756784908e-10
"TXNL4A",0.35802354724501,2.55677617591378e-10
"UCKL1",0.357739388923846,2.64735247809709e-10
"RPL8",0.357597722955671,2.69366589303714e-10
"SARS1",0.357592056316945,2.69553470897606e-10
"MYG1",0.35707780885247,2.87047778416789e-10
"PRKCSH",0.357074031093319,2.87180288896187e-10
"TMEM115",0.357067892234698,2.87395745180358e-10
"CARS2",0.356661310906036,3.02020622353466e-10
"GPR108",0.356509256100196,3.07673749779459e-10
"TRIB3",0.356456839691971,3.09646218763392e-10
"GAPDH",0.356450228613456,3.09895869292674e-10
"C1QBP",0.356358617954036,3.13375504303796e-10
"STX10",0.355415476770913,3.5147841920962e-10
"RPUSD3",0.355127894855518,3.63966397381744e-10
"EEF1B2",0.355110540774417,3.64733613196428e-10
"ZNHIT2",0.355058124366192,3.67060466950992e-10
"PRELID1P6",0.355002874638604,3.69528702477855e-10
"LMAN2",0.354992013581044,3.7001580343749e-10
"RPL3",0.354761098052919,3.80520799789386e-10
"MIER2",0.354552849079702,3.90242607623619e-10
"ARHGDIA",0.354536321383415,3.91024428453925e-10
"RPL17",0.354511293729038,3.9221122504956e-10
"ATIC",0.354265267164308,4.04065424857578e-10
"CUEDC2",0.354173184284994,4.08591097605445e-10
"TRMU",0.353861046935116,4.24301160613197e-10
"CYC1",0.353362382727141,4.5062365391055e-10
"SNAPC4",0.352978940173281,4.71935758866017e-10
"CISD3",0.352349471054691,5.09061379068876e-10
"ZMYND19",0.351454142135827,5.66790770217155e-10
"POLR2F",0.35128083743476,5.78676971303745e-10
"MRPS34",0.351182497641852,5.8552889674352e-10
"DTYMK",0.351096199456239,5.91606638009216e-10
"ATP5ME",0.350351980903427,6.46624193401476e-10
"MRPL57",0.350207127450969,6.57895547895024e-10
"PTRH1",0.349838559823768,6.87441246059235e-10
"UCN",0.349814122444257,6.89445111244101e-10
"CTDNEP1",0.349801844727016,6.9045402247799e-10
"SENP3",0.349683317533643,7.00267871085402e-10
"NME2",0.349458540864139,7.19252108833164e-10
"POP7",0.349440124288276,7.20829489526422e-10
"RPS10",0.349227625336014,7.39274630257206e-10
"EIF3B",0.349198819922485,7.41809956151421e-10
"TOMM22",0.349010876404707,7.58560252536755e-10
"ERAL1",0.348872634030763,7.71114660761939e-10
"ATRIP",0.348587295159864,7.97668326242851e-10
"FKBP4",0.348426740395933,8.12997438139447e-10
"RNASEK",0.348317185380544,8.23620963780797e-10
"SNRPD1",0.347809076774691,8.74678872053637e-10
"CUTA",0.347602244461156,8.96330668265345e-10
"ENDOG",0.347506856042585,9.06490553935781e-10
"PDAP1",0.347406273205181,9.17324703021809e-10
"MTMR14",0.347349606817911,9.23483662725041e-10
"COMMD5",0.346542110799315,1.0157305871124e-09
"NDUFAB1",0.34644388906138,1.0275432916069e-09
"NDUFB2",0.346272473239889,1.04847870659423e-09
"PFKL",0.34617649454645,1.06038088532213e-09
"RPLP2",0.345993863502479,1.0833916859548e-09
"LRRC45",0.345631670843845,1.13046792769838e-09
"CTU2",0.344589009318079,1.2773352395074e-09
"NARF",0.344432822588166,1.30087108165799e-09
"SEC13",0.34425987205202,1.32742376967588e-09
"ZNF593",0.344006762188881,1.3672327381735e-09
"EEF1A1",0.343953873560762,1.37569605137147e-09
"FAAP20",0.343474570368438,1.45474713862513e-09
"SURF2",0.343399015185411,1.46760365494807e-09
"NICOL1",0.343248377039252,1.49356592732833e-09
"CYB561D2",0.34324696037957,1.49381218762002e-09
"ACD",0.342485269690684,1.63207995001879e-09
"MRPL52",0.342400270109779,1.64825821690655e-09
"LAMTOR4",0.342378429939686,1.65244017325399e-09
"ZNF581",0.34211693817343,1.7033164050166e-09
"ATP5PO",0.341768912111614,1.77338949465233e-09
"TEDC2",0.341648023818771,1.79837737257138e-09
"IMP4",0.341571051976063,1.81446509977359e-09
"LSM3",0.341299525537062,1.87233789677164e-09
"NDUFAF3",0.340993999265698,1.93959717983132e-09
"PWP2",0.340886333129885,1.96385248473243e-09
"RPS3A",0.340799916889299,1.98353298963922e-09
"CNOT10",0.340731917224575,1.99915354558604e-09
"KDM4B",0.340690716038831,2.00867601788683e-09
"ZGLP1",0.340688000774441,2.00930511502468e-09
"WDR83OS",0.340678556376562,2.01149476655690e-09
"UBL5",0.339773310839926,2.23246153201124e-09
"DUS1L",0.339542867531695,2.29236418410856e-09
"RPS23",0.339435673615776,2.32075671461469e-09
"WDR24",0.338791093460581,2.49881038502425e-09
"LAS1L",0.338602677722908,2.55331001202415e-09
"GTPBP3",0.338248985022366,2.65874283102778e-09
"SAP30",0.337820681578584,2.79207079153514e-09
"REXO4",0.337813126060281,2.79447995061922e-09
"NDUFS4",0.33777440402898,2.80685853278509e-09
"PTOV1",0.337720570961074,2.82415607535905e-09
"TUSC2",0.337704987704574,2.8291825018197e-09
"MRPS23",0.337592127149929,2.86584557016842e-09
"B3GAT3",0.337489655432949,2.89953214136389e-09
"SSBP4",0.337423426592827,2.92150795507695e-09
"ZFAS1",0.337176101423389,3.00500969427689e-09
"RPL26",0.336940935916219,3.08654739264827e-09
"UQCRQ",0.336860068259386,3.11507824859515e-09
"TIMM29",0.336668465037429,3.18370101526857e-09
"PUF60",0.336574965498434,3.21771728664286e-09
"TUBGCP2",0.33642007737323,3.27484349643493e-09
"SNF8",0.336330709758306,3.30824987879146e-09
"L3MBTL2",0.335851996840849,3.4928927420745e-09
"RPL12",0.335656970024662,3.57094338465269e-09
"DPCD",0.335568192684605,3.60702941511503e-09
"QARS1",0.335545053909804,3.61649268083078e-09
"NDUFB9",0.335282499648786,3.72557019827815e-09
"NLE1",0.335118639345598,3.79525297558933e-09
"COX7C",0.334895751555669,3.89206659614383e-09
"RABEPK",0.334848057346384,3.91309150863069e-09
"QPCTL",0.334793397893663,3.93732214188856e-09
"AURKAIP1",0.334758807786434,3.95273099175171e-09
"PYCR1",0.334476420289872,4.08072918783986e-09
"RPS2",0.334293671190927,4.16569343354877e-09
"MRPL45",0.334116588730708,4.24965568764342e-09
"ABHD14A",0.333792645883482,4.40751017930445e-09
"HINT1",0.333778951506559,4.41430688339522e-09
"HACL1",0.333391731193548,4.61074476176073e-09
"COX7A2",0.333339432840296,4.63791599202847e-09
"HAGHL",0.333267537361448,4.67552190987569e-09
"SLC25A6",0.333198593256936,4.71186122541486e-09
"YIPF2",0.332625318305722,5.02480066400708e-09
"CHCHD6",0.332616346127738,5.0298548120426e-09
"TPRN",0.332316486495101,5.20162901090336e-09
"NSUN5",0.332181903825335,5.28055791667937e-09
"NDUFAF2",0.332097848684218,5.33044062407028e-09
"CKS2",0.332095959804643,5.33156680682529e-09
"RNASEH2C",0.331749822622402,5.54187450286057e-09
"MYL6B",0.331622323251045,5.62134658216535e-09
"RPLP0",0.331519379314171,5.68631664456371e-09
"PRPF6",0.331446185230615,5.73295237167438e-09
"TSFM",0.33132388027809,5.81170637082733e-09
"TSR3",0.331117520184449,5.94696415782771e-09
"EIF4A1",0.330519689798752,6.35622926047271e-09
"DDX56",0.330233052323145,6.5619967194148e-09
"TRABD",0.330006858993959,6.72890887097538e-09
"COPS9",0.329826943214377,6.86459797899054e-09
"CDCA5",0.329652694073522,6.99853479209094e-09
"AIMP2",0.32959933322551,7.04005391455978e-09
"ACSF3",0.329388250932929,7.20664139332862e-09
"MRPL28",0.329309390210646,7.26985208052815e-09
"HSPD1",0.328996426475953,7.52603720968458e-09
"ZNF358",0.32885889243185,7.64136187259562e-09
"ZNRD2",0.328806003803731,7.68616342904437e-09
"GPI",0.328765392892854,7.72073697999445e-09
"ASMTL",0.328273811983288,8.1513549104124e-09
"LRPAP1",0.327596176435519,8.78321521306205e-09
"TOMM5",0.327429010593073,8.94622719446365e-09
"MIIP",0.327081928971045,9.29408072068138e-09
"RPL38",0.326845464859166,9.53852396111136e-09
"MRPS17",0.326743347307107,9.64599898307737e-09
"NUDT16L1",0.326617264595432,9.78031267059448e-09
"CHLSN",0.326382099088261,1.00356784211444e-08
"NUBP2",0.326344321496748,1.00772975123574e-08
"COPRS",0.32615637797897,1.02868453717166e-08
"SAC3D1",0.325453714776823,1.1108240384592e-08
"WRAP53",0.325293632232786,1.13040545957706e-08
"PWWP3A",0.325090931843322,1.1556791326818e-08
"SLC25A1",0.324912550778395,1.17837173450125e-08
"PIAS4",0.324869578768049,1.18390242851141e-08
"COXFA4",0.324635829920561,1.2144292510839e-08
"HSF1",0.324084277084467,1.2895062994155e-08
"ATF4",0.323848639357403,1.32293142584682e-08
"SLC4A2",0.323770841129881,1.33414981586965e-08
"FIBP",0.323598716978548,1.35929755579111e-08
"NFKBIL1",0.323570501839887,1.36346331757497e-08
"RPS29",0.323425058112561,1.38513352067902e-08
"EMC6",0.323368391725291,1.39366624514676e-08
"WDR4",0.323252579796308,1.41126328491455e-08
"RPUSD1",0.323152587233771,1.42662921888498e-08
"RANBP1",0.323133226218121,1.42962306726449e-08
"MAZ",0.32290042181042,1.46610110007747e-08
"SMIM20",0.322831005486015,1.47715089276845e-08
"WDR83",0.322635978669827,1.50862793583836e-08
"STAP2",0.322527368094227,1.5264374938169e-08
"DYNC2I2",0.322444729612791,1.54012416526125e-08
"RPL10A",0.322438118534277,1.54122420709296e-08
"TIMM50",0.322306369183874,1.56330545585848e-08
"CDC25A",0.322202953027107,1.580851885753e-08
"FAAP100",0.321918204431075,1.63015359365691e-08
"PELP1",0.321909232253091,1.63173094118981e-08
"GTPBP6",0.32179247588432,1.65239214905903e-08
"NDUFV3",0.321732149792873,1.66316626318658e-08
"RPL31",0.321728372033721,1.66384321657973e-08
"HEXIM2",0.321491671811896,1.70679361202408e-08
"HAUS8",0.321403484746707,1.72306785977164e-08
"SLC25A10",0.320672960570819,1.86376891371875e-08
"TOMM7",0.320663043953047,1.86575319684112e-08
"EPB41L4A-AS1",0.320335795566564,1.93239150451236e-08
"ZNF511",0.3202786569594,1.94426010727941e-08
"TACO1",0.320278066684532,1.94438308349028e-08
"NDUFV1",0.320205462875843,1.95956658936338e-08
"NDUFB10",0.320155407567088,1.97010119384239e-08
"WDR46",0.320150685368149,1.97109784335166e-08
"OXSM",0.320140768750376,1.97319239270697e-08
"UBE2S",0.320107241137908,1.98028989723816e-08
"RBM10",0.320071824645865,1.98781404053167e-08
"SOX12",0.320011026334523,2.00079491851607e-08
"HIGD2A",0.319942436394932,2.01553765309047e-08
"WDR74",0.319800298206863,2.04642359038038e-08
"VGF",0.319494535825553,2.11442122775044e-08
"EEF1A1P9",0.319303995098357,2.15789313220521e-08
"SHMT2",0.319091968365989,2.20728170214706e-08
"SMARCA4",0.318913941465983,2.24959194899509e-08
"TIMM17B",0.31863013730974,2.31866547738061e-08
"SPCS1",0.318469110325914,2.35876292581805e-08
"NDUFA9",0.318316111080286,2.39748115923786e-08
"UQCC3",0.317768808223237,2.54106947915453e-08
"SLC25A4",0.317418421061952,2.63731753626796e-08
"EMC9",0.317272977334626,2.67829488542317e-08
"DNPH1",0.317245116360885,2.68621428002569e-08
"GGA1",0.31721678316725,2.69429108306051e-08
"ILKAP",0.317201672130644,2.69860829200364e-08
"EEF1G",0.316834757273072,2.80550894632778e-08
"DRG1",0.316810201838588,2.81280727339241e-08
"FBXL15",0.316667591430626,2.8555573779892e-08
"INTS15",0.316601008425583,2.87573097603416e-08
"MRPS5",0.316250975429218,2.9840685991561e-08
"PICK1",0.315974844846251,3.07230207001205e-08
"UFSP2",0.315854428773303,3.11156285996878e-08
"TKT",0.315747234857384,3.14691967565447e-08
"PTDSS2",0.315597068931118,3.19710306877446e-08
"H2AZ1",0.315593763391861,3.19821637556724e-08
"KISS1R",0.315364736743312,3.27627033444969e-08
"BORCS8",0.315238299866716,3.32014519977971e-08
"SURF1",0.315134293435081,3.35666099847433e-08
"FIS1",0.314996405226058,3.40567031882245e-08
"RPS12",0.31498223862924,3.41074445993423e-08
"ECE2",0.314876461373003,3.44886264334758e-08
"SNRNP25",0.314757816124657,3.49210710067327e-08
"ATP5PF",0.314613907111986,3.54526227493877e-08
"CDK5",0.314429387188438,3.61456089492845e-08
"HPF1",0.314395741520997,3.62733701590211e-08
"AP1S1",0.314285714285714,3.66942210743844e-08
"TBCD",0.314167187092341,3.71528543576775e-08
"PSMA7",0.313710078235031,3.8973951591874e-08
"EDF1",0.313634995271898,3.92811962237231e-08
"PEBP1",0.313532523554919,3.97042903911406e-08
"DDTL",0.313446107314332,4.00645071387144e-08
"ENTR1",0.313257219356766,4.08628755611553e-08
"H2AC20",0.312876137902376,4.25205560778645e-08
"LRRC61",0.312781221703699,4.29434177733378e-08
"POLR1E",0.312705548465699,4.32834532508103e-08
"AP1M2",0.312700472101839,4.33063564542986e-08
"TRMT2A",0.312481362071062,4.43061404726384e-08
"ATOX1",0.312359057118538,4.48738525778847e-08
"NT5C3B",0.31203133651216,4.64298582484195e-08
"TMEM97",0.311875503947168,4.71878758689052e-08
"ZC3HC1",0.311575644314532,4.86801996309929e-08
"PAXX",0.310996702724591,5.16912207277002e-08
"SMIM7",0.31098005697333,5.17803960023651e-08
"SNHG8",0.3109338974787,5.20284601454723e-08
"MRPL23",0.310862592274719,5.24139125731485e-08
"RFNG",0.310740287322194,5.3081473059905e-08
"GARIN5A",0.310628371207336,5.36995064888565e-08
"CHID1",0.310469705322981,5.45876086924293e-08
"U2AF1",0.310457899825633,5.46542507386867e-08
"PSPN",0.31042354582835,5.48486256301078e-08
"MPG",0.310402177878151,5.49698614802311e-08
"POLR2L",0.310240324509511,5.58965997463049e-08
"TARBP2",0.310118963996775,5.66013469192796e-08
"KHSRP",0.310019679764079,5.7184258885303e-08
"SOD1",0.309831264026406,5.83064263231895e-08
"C19ORF44",0.309543209891118,6.00631573206547e-08
"CCDC22",0.309282072289782,6.16997402868257e-08
"RPS6KB2",0.309120573086063,6.27332980429062e-08
"EIF3CL",0.30898032377757,6.36443824110646e-08
"CHERP",0.308971233544612,6.37038721942033e-08
"RPS19BP1",0.308854241065895,6.44743132357559e-08
"MRPS15",0.308796158018943,6.4860141018313e-08
"PXMP2",0.308764047066157,6.50743983573583e-08
"BRI3",0.308703130699842,6.54827330823695e-08
"DDRGK1",0.308522860755339,6.6705637317178e-08
"THAP4",0.308282854994257,6.83679734349223e-08
"DHX37",0.308245077402743,6.86332397755445e-08
"RPL35",0.308088890672831,6.97405154550766e-08
"ZNG1A",0.307975439843317,7.05555903256152e-08
"COX8A",0.307675580210681,7.27543357174152e-08
"RPS6",0.307636267904512,7.30474459846572e-08
"MCOLN1",0.307539108661339,7.37767489603787e-08
"DALRD3",0.307482442274069,7.42053357070944e-08
"FEM1A",0.307338415206425,7.53054852207507e-08
"SLIRP",0.307294026536397,7.56477040626558e-08
"PSMD6",0.307011520984862,7.78610822132403e-08
"BNIP3",0.306799612307467,7.95621656986808e-08
"TMA7",0.306656883844531,8.07280283363437e-08
"SCAND1",0.306531863627617,8.17627499959631e-08
"C15ORF61",0.306488419397377,8.21252954985555e-08
"POLR2I",0.30643694742894,8.25568375749687e-08
"SMARCB1",0.306333531272172,8.34304938395252e-08
"EIF3I",0.306281114863948,8.38767001594845e-08
"C1ORF122",0.306138032236091,8.51064561414353e-08
"MRPL22",0.306132365597364,8.51555151502114e-08
"CCT4",0.3060752269902,8.56517180808187e-08
"CDT1",0.306037803563607,8.59782186745423e-08
"ARIH2",0.306037331343713,8.59823462050963e-08
"TRIR",0.305749513318372,8.85339081284594e-08
"TLE5",0.305742784184884,8.85944270572303e-08
"NME1-NME2",0.305137870500777,9.42006329057183e-08
"RASSF1",0.305080731893614,9.47474983055253e-08
"MRPL1",0.304993371213239,9.55895299599739e-08
"PSMB7",0.3047558446066,9.79155397480375e-08
"TUBG1",0.304402151906057,1.01480405428965e-07
"SDHAF4",0.304256590123757,1.0298353725423e-07
"NABP2",0.303798654881632,1.07853472971839e-07
"XRCC6",0.303786849384284,1.07981905151568e-07
"RPL21",0.303770321687997,1.08161957602255e-07
"CHCHD3",0.303733016316378,1.08569424857381e-07
"RPL13",0.303702322023273,1.0890579056902e-07
"CTXN1",0.303556406076053,1.10518590869707e-07
"NELFA",0.303467628735997,1.11511066283716e-07
"SCLY",0.30326174086225,1.13845898017491e-07
"RTKN",0.303249463145008,1.13986607957267e-07
"RPS15A",0.303117713794606,1.15507110041248e-07
"RHBDD3",0.303010992098581,1.16753066679564e-07
"CDKN2AIPNL",0.302823520800696,1.18973151162288e-07
"SCYL1",0.302712549125626,1.20306394435414e-07
"SURF6",0.302643605021114,1.21141937760287e-07
"SART1",0.30260818852907,1.21573324073937e-07
"URM1",0.30249993211839,1.22901115128397e-07
"UQCRFS1",0.302468411440471,1.23290340362021e-07
"RANGRF",0.302464161461426,1.23342910852959e-07
"FAU",0.302206801619242,1.2656687336645e-07
"PKN1",0.302190273922955,1.26776665119825e-07
"UBE2M",0.302148246352396,1.27311644272013e-07
"SS18L2",0.302119558993841,1.27678059636948e-07
"RPL18",0.30172655398713,1.32801142772844e-07
"CFAP410",0.301568950597535,1.34910695445679e-07
"UXT",0.30156505478341,1.3496324794437e-07
"MYBL2",0.30126472293088,1.39074408939392e-07
"PRMT1",0.301199084365626,1.39988830001555e-07
"POMGNT2",0.301157056795067,1.40577357770986e-07
"TIMM10",0.301079140512571,1.41674753016434e-07
"MRPL20",0.301046557339891,1.42136103958375e-07
"SNHG29",0.301010196408059,1.4265265157781e-07
"DPP9",0.300901113612565,1.44213154996503e-07
"YBEY",0.300891669214686,1.44349033454982e-07
"SPC24",0.300875613738293,1.44580309592418e-07
"NMRAL1",0.300665948105395,1.47633425979519e-07
"ATAD3A",0.300519559938281,1.49801780942162e-07
"POLDIP2",0.300498310043055,1.5011907776253e-07
"IPO4",0.300422754860028,1.51252489255986e-07
"TMEM129",0.300329727540927,1.5265931395293e-07
"PQBP1",0.300305172106443,1.53032753448632e-07
"RPTOR",0.300287227750474,1.53306207173077e-07
"NDUFA2",0.300133638229978,1.55666065499412e-07
"HMBS",0.300055367782562,1.56882071691338e-07
"REX1BD",0.300033173447548,1.57228541553697e-07
"KRIT1",-0.300017590191048,1.57472247365645e-07
"DQX1",-0.300066701060016,1.56705434316246e-07
"CEACAM7",-0.300317922043579,1.5283874261082e-07
"PTPN21",-0.3004326714778,1.51103260980245e-07
"KRT4",-0.300682829966602,1.47385316555707e-07
"ANKRD20A11P",-0.300728753351285,1.46712417887763e-07
"DLEU7",-0.300809148788225,1.45541523457692e-07
"NLRP7",-0.301011258902821,1.42637532067143e-07
"MYOF",-0.301330361496134,1.38165737036667e-07
"VCL",-0.301495638459005,1.35902947299216e-07
"BACH1",-0.301547110427442,1.35205562389929e-07
"FAR1",-0.301583117194353,1.34719761402191e-07
"SLTM",-0.301646748825058,1.33865351852238e-07
"WNT16",-0.301699637453176,1.33159163985959e-07
"AFAP1L2",-0.301829025704109,1.31446607464752e-07
"MAN1A2",-0.301840358981563,1.31297616310572e-07
"PPM1A",-0.301880497672546,1.30771245326524e-07
"MARF1",-0.302058052352659,1.28467090276085e-07
"ATOSA",-0.302060413452128,1.2843671476501e-07
"STX6",-0.302076468928521,1.28230344530234e-07
"STAG1",-0.302178468425607,1.26926721241051e-07
"DUOXA1",-0.302460855922169,1.23383813928424e-07
"UEVLD",-0.302700271408384,1.20454782727332e-07
"ETV3",-0.302868381690618,1.1843822726383e-07
"DPYD",-0.303111220771064,1.15582547809506e-07
"B3GNT5",-0.303358545940503,1.12742296132996e-07
"FRRS1",-0.303394906872334,1.12330439173642e-07
"ZFX",-0.303502100788253,1.11124675405059e-07
"SMG1",-0.30371034976147,1.08817721237259e-07
"IKZF5",-0.303791099363329,1.07935652613294e-07
"CDIN1",-0.303894043300203,1.0682112228764e-07
"VPS4B",-0.304035237048484,1.05310484041711e-07
"ZNF224",-0.304069236880846,1.04949803077967e-07
"PLCL1",-0.304080097938406,1.04834836421557e-07
"SEMA3C",-0.304204291770506,1.03528808738289e-07
"GALNT1",-0.3045617622302,9.98564876165689e-08
"SLC37A2",-0.305090176291492,9.4656896899353e-08
"TMOD3",-0.30513220386205,9.42547314101204e-08
"VSIG10L",-0.305183203610593,9.37689200844478e-08
"CCDC186",-0.305391924803704,9.18057041239595e-08
"VANGL2",-0.305760846595826,8.84320715060031e-08
"MID2",-0.305944422079585,8.67981616294106e-08
"ZBTB38",-0.305971338613539,8.65610495935754e-08
"CORO2B",-0.306178170927074,8.47597334142815e-08
"TUG1",-0.306226809576147,8.43414102128722e-08
"FMO9P",-0.306403419816472,8.28391077635064e-08
"GALNT3",-0.306427503031061,8.26362564275417e-08
"CARD14",-0.306488419397376,8.21252954985555e-08
"RAET1E",-0.306600335512235,8.11944747552975e-08
"BNIPL",-0.306686279532927,8.04865749410608e-08
"RP1L1",-0.306743418140091,8.00192327947282e-08
"REV1",-0.306805278946194,7.95162147533872e-08
"GON4L",-0.306845889857071,7.91876470385533e-08
"MTSS1",-0.306886028548054,7.88641853436883e-08
"FMN1",-0.30697244478864,7.81721060326611e-08
"ITGA2",-0.307387053855498,7.49322134914048e-08
"BTAF1",-0.307574525153383,7.35100945018085e-08
"SOS1",-0.307628004056369,7.31092053242744e-08
"FMO4",-0.307707691163467,7.25157595315475e-08
"ERMAP",-0.30773696879689,7.22988913217172e-08
"ANKRD12",-0.308014161874619,7.02763697382321e-08
"FAM131B",-0.308019356293452,7.02389944164332e-08
"MBNL2",-0.308074133801146,6.9846018905811e-08
"CARD6",-0.308270577277015,6.84540764361792e-08
"SYNJ1",-0.308527464899305,6.66741319064106e-08
"HTR7P1",-0.308724380595068,6.53400110675007e-08
"PROM2",-0.308736186092416,6.52608506498684e-08
"AAK1",-0.308898039461055,6.41848378755749e-08
"NPY4R",-0.308954469738378,6.38137212073752e-08
"UBR2",-0.309229655881558,6.20333808748362e-08
"RNF115",-0.30925279465636,6.18858842599873e-08
"SCYL2",-0.309293405567237,6.16278295382507e-08
"INPP4B",-0.309533293273346,6.01245343749549e-08
"SOCS4",-0.30963387611075,5.95047889783723e-08
"MIDEAS",-0.309971041115006,5.74719311535522e-08
"MBOAT2",-0.310302539480535,5.55386015870429e-08
"DUSP18",-0.310350705909714,5.52629608662088e-08
"ATXN3",-0.310907453164641,5.21710894598713e-08
"HGSNAT",-0.310985369447137,5.17519197047627e-08
"HOXA6",-0.311007327672204,5.16343777836093e-08
"KLHDC1",-0.311013820695745,5.15996701041769e-08
"NUMB",-0.311061396850057,5.13460428591429e-08
"AEBP2",-0.311320173351923,4.99874245202061e-08
"TRAF6",-0.311330089969695,4.99360564746933e-08
"ZBTB1",-0.31164990089285,4.8306459716502e-08
"KIF16B",-0.311839143015336,4.73664563030673e-08
"ADAM17",-0.311929809234968,4.69223732995273e-08
"NPC1",-0.312116336093065,4.60213577561001e-08
"PLEKHA1",-0.31216639140182,4.57824202967502e-08
"SEMA4B",-0.31230380739095,4.51326038743371e-08
"ZDHHC17",-0.312451139997851,4.44457767092239e-08
"TAOK3",-0.312537084018544,4.40497946096195e-08
"NOTCH2",-0.312771305085926,4.29878306577524e-08
"RAB27B",-0.312801054939243,4.28547247408696e-08
"TOGARAM1",-0.312914387713783,4.2351286969629e-08
"ZCCHC8",-0.313049442603443,4.17588042815553e-08
"CAMSAP2",-0.3130527481427,4.17444036703058e-08
"ZBTB11",-0.3131070534305,4.15085068653507e-08
"FRS2",-0.313417774120697,4.01832957454058e-08
"PHF20L1",-0.313528273575873,3.97219326833159e-08
"LRP11",-0.313592613536419,3.94556555231555e-08
"ATP2B4",-0.313600050999749,3.94249861225213e-08
"FRMD6",-0.313665689565003,3.915531175643e-08
"RUFY2",-0.313794251431121,3.8632265429795e-08
"RBM41",-0.313865438580129,3.83455509965855e-08
"NDRG2",-0.313903216171642,3.81942322887552e-08
"BAZ2B",-0.31398254911382,3.78783358881134e-08
"ATF7IP",-0.314090215249633,3.74536485719786e-08
"CALCOCO1",-0.31413082616051,3.72946557351575e-08
"MOB1A",-0.314378269384922,3.63398880999779e-08
"IGSF3",-0.314413567821992,3.62056249595578e-08
"LINC00964",-0.314493727148984,3.59025015887327e-08
"OSBPL11",-0.314553462965565,3.56782037663807e-08
"RP2",-0.314781545174326,3.48341656483914e-08
"SERPINB3",-0.315431437803328,3.25335037976099e-08
"EXOC6B",-0.31557676347568,3.20394786570037e-08
"ARHGAP21",-0.315641693711094,3.18210998381983e-08
"ANKRD49",-0.316064566626095,3.04336021321494e-08
"RSC1A1",-0.316108483076229,3.02929003161776e-08
"LINC02035",-0.316239287986844,2.98775306497486e-08
"PTPRB",-0.316344120803293,2.95486086100312e-08
"PIK3R4",-0.316794264417168,2.81755397221462e-08
"SH2D1B",-0.316822951775724,2.80901547295188e-08
"RNASEL",-0.317125644727724,2.7204307676215e-08
"ARAP2",-0.317245116360885,2.68621428002569e-08
"BBS10",-0.317329053447028,2.66242370462376e-08
"ZNF624",-0.318103612128024,2.4522759294003e-08
"BAZ1A",-0.318448804870476,2.36386649168102e-08
"TSC22D2",-0.318814775288261,2.27349850688743e-08
"ZDHHC5",-0.318977218931768,2.23446435352487e-08
"NLRP1",-0.319009802104448,2.22671313345778e-08
"SEPTIN7",-0.319637854563356,2.08228161945283e-08
"ACVR1",-0.320022241557004,1.99839424527822e-08
"SLK",-0.320143720124713,1.97256879033053e-08
"AKAP13",-0.320455739419618,1.90770445862008e-08
"KIDINS220",-0.320534954306823,1.89156765078996e-08
"POLK",-0.320795737743238,1.83936983222168e-08
"AGAP11",-0.320906237198414,1.81767469459033e-08
"NCOA3",-0.321187680255188,1.76352772622877e-08
"DUOX2",-0.321225930066595,1.7562902012887e-08
"MEAK7",-0.3212410411032,1.75343884672956e-08
"DUSP11",-0.321324624024423,1.73774789177517e-08
"RCOR1",-0.322020676148055,1.61224279791918e-08
"C10ORF55",-0.322092925791824,1.59972889766594e-08
"TMEM117",-0.322177453152835,1.58520756041585e-08
"EXOC1",-0.322404118701915,1.54689356822907e-08
"LPCAT2",-0.322502340439849,1.53057014422817e-08
"ZNF484",-0.32254106247115,1.52418079836434e-08
"KMT2E",-0.322842220708495,1.47536020247814e-08
"TAB3",-0.323018476783899,1.44749211891276e-08
"GPR87",-0.323073372346567,1.43891688810744e-08
"PRKAB2",-0.32329472542184,1.40483475919754e-08
"AMPD3",-0.323500613295587,1.37383505862156e-08
"TNRC6A",-0.323815583964829,1.32768678068048e-08
"ANK3",-0.323970472090033,1.30554628910819e-08
"RNF11",-0.32412677687492,1.28356524745781e-08
"IL1RAP",-0.324280720560336,1.26226611816485e-08
"RTKN2",-0.324386970036467,1.24776548764974e-08
"DENND2C",-0.32477560700916,1.19608459881076e-08
"MAP4K5",-0.324914439657971,1.17812920102239e-08
"LEPROT",-0.324984446257244,1.16917426292093e-08
"SZT2",-0.325225160348168,1.13888251046078e-08
"JMJD1C",-0.325285604494589,1.13139615513093e-08
"LINC00887",-0.325663026244801,1.08571506805189e-08
"RNF207",-0.325967490021403,1.0501688401658e-08
"SMPDL3A",-0.326030295267294,1.04297760964208e-08
"ANKRD20A9P",-0.326906263170508,9.47508687286706e-09
"GCNT4",-0.327101762206589,9.27385587480974e-09
"PAWR",-0.327207539462826,9.16670679502003e-09
"SLC39A2",-0.32732370555673,9.05041356499543e-09
"CRYBG1",-0.327359122048773,9.01524302602901e-09
"ARID4B",-0.327378955284318,8.99560529809669e-09
"JAK1",-0.327403510718801,8.9713492322984e-09
"CHP2",-0.327437982771057,8.93740414994336e-09
"RAB21",-0.327672203838439,8.71003088048411e-09
"NBPF10",-0.327788369932343,8.59934661521588e-09
"RAB18",-0.327856369597067,8.53518835313396e-09
"SGMS1",-0.328041479795482,8.36287206654865e-09
"TRIM6",-0.328230367753048,8.19050950796111e-09
"ZNRF2",-0.328368374017045,8.06675474103379e-09
"NPTN",-0.328376755920162,8.05929696172806e-09
"UBE2Q2P1",-0.328498116432898,7.95206118385921e-09
"HECTD2",-0.32955116679633,7.07773591075027e-09
"HEATR5B",-0.329634749717554,7.01247046726053e-09
"ACAP2",-0.329968609182552,6.75753717817593e-09
"CROT",-0.330323718542777,6.49622334711358e-09
"SPRTN",-0.330469634489997,6.3917066353363e-09
"ZNF532",-0.330726049892393,6.21197030286529e-09
"ACVR1B",-0.330751549766664,6.19436572481141e-09
"PLD1",-0.330769021902739,6.18233121108109e-09
"DNASE1L1",-0.330946930747772,6.06107161383187e-09
"P2RY1",-0.331318685859257,5.81507420775377e-09
"CLDND1",-0.331463657366689,5.72178645384906e-09
"YPEL5",-0.331865516496412,5.47070278118981e-09
"MAGEA5P",-0.332133855451129,5.30901673999878e-09
"KLF10",-0.332280597783164,5.22256434913898e-09
"LMBRD2",-0.332389208358764,5.15945617566057e-09
"BTRC",-0.332623429426147,5.02586428648751e-09
"PLSCR4",-0.332823178441273,4.91458477352433e-09
"IFT80",-0.333184544715092,4.71929944301046e-09
"SLC49A4",-0.333406370010259,4.6031669162829e-09
"FBXO11",-0.333823812396481,4.39207956413384e-09
"PLBD1",-0.334016478113198,4.29784489760272e-09
"DIP2B",-0.334739800935704,3.96122281172686e-09
"DCUN1D1",-0.334872140560974,3.90246125999448e-09
"WDR44",-0.334928806948243,3.8775590964996e-09
"MED13L",-0.335021243992478,3.83726731605228e-09
"ZC3H11A",-0.335218395798187,3.7526820122014e-09
"PRKAA1",-0.33540988096517,3.67225789236371e-09
"PRICKLE4",-0.336322327855189,3.31139998196763e-09
"EXOC8",-0.336433771750153,3.26975337628826e-09
"ZNF267",-0.336464466043258,3.25837230666941e-09
"PCF11",-0.336701520430003,3.17175860371802e-09
"PPP2R3A",-0.337092518502166,3.0337480422137e-09
"TEP1",-0.337501933150191,2.89547582613442e-09
"BTBD10",-0.33792268107567,2.75974342166082e-09
"STAM2",-0.33838215103245,2.61856128674797e-09
"MBNL1",-0.338561476537164,2.5653800779575e-09
"TMTC3",-0.339241591239376,2.37303286159329e-09
"GOLGA6L10",-0.339401673783414,2.32983324331329e-09
"PICALM",-0.339700116756369,2.25132167361087e-09
"LDHAL6B",-0.339791137140921,2.22789141270242e-09
"ENTPD7",-0.339880032535951,2.20523634385505e-09
"CYP7B1",-0.339966448776537,2.18342717465619e-09
"PPP1R21",-0.340164308912088,2.1342767858439e-09
"PUM2",-0.34054444592669,2.04283851815424e-09
"GAN",-0.341538468803383,1.82131718815335e-09
"ZNF641",-0.34173349561957,1.78067509279115e-09
"CAPN2",-0.342072077283508,1.71219586576693e-09
"SLC25A16",-0.342075264767792,1.71156347864112e-09
"AHNAK",-0.342270881858846,1.67318398010842e-09
"ARNT",-0.342544769397318,1.62084687310863e-09
"RBL2",-0.342690685344538,1.59361546169838e-09
"DNAJC13",-0.343274821353311,1.48897628704141e-09
"ATP11B",-0.344056345277742,1.35934424936045e-09
"FZD6",-0.344122810227811,1.34883912000303e-09
"ZNF655",-0.344182427989417,1.33948323357734e-09
"MR1",-0.345038562657087,1.21187351707723e-09
"PPFIBP1",-0.34566236513695,1.12640267825571e-09
"ASB3",-0.346222417931134,1.05466973191875e-09
"TNKS2",-0.346934525531159,9.69837375658868e-10
"FCHO2",-0.347576154312017,8.99098518675083e-10
"RHBDL2",-0.347626327675745,8.93783068020391e-10
"GOLGA6L5P",-0.348287671637175,8.26505858504194e-10
"ATG2B",-0.348754933222204,7.81962308023122e-10
"ERCC6",-0.349747067219321,6.94972802795974e-10
"PIK3CA",-0.350037010234186,6.7137630905032e-10
"SCAF11",-0.35034867536417,6.46879302091552e-10
"RASA2",-0.350486563573194,6.36320140601178e-10
"TBK1",-0.35065372941564,6.23743172102756e-10
"CXCR2",-0.35140774653125,5.69949402148427e-10
"CRYBG3",-0.352094000092083,5.24924475134425e-10
"TRERF1",-0.352684274959478,4.88975386424527e-10
"HCFC2",-0.352812718770623,4.81475661913747e-10
"SAMD8",-0.353560242862691,4.3999495535797e-10
"SP1",-0.353746415555868,4.30216620227536e-10
"IKZF2",-0.353846880338298,4.25027916435457e-10
"TEAD3",-0.354104240180482,4.1201173562371e-10
"ELF1",-0.354127733120205,4.10843029704783e-10
"DGKA",-0.35438308602784,3.98345826645004e-10
"PLXNA2",-0.354521682566704,3.91718168456753e-10
"PPP1R12A",-0.354554147684411,3.90181243209812e-10
"GNG12",-0.355016569015528,3.68915419296026e-10
"SUSD6",-0.355335317443921,3.54916801421742e-10
"REL",-0.355507205485306,3.47583463724288e-10
"ITSN2",-0.355928425630679,3.30229490531182e-10
"PRDM2",-0.35676189374344,2.98336717677408e-10
"NEK7",-0.35696447607793,2.91049048133348e-10
"NPHP3",-0.357020198025412,2.89075032606088e-10
"CLIP1",-0.357195391606055,2.82952957182323e-10
"CDC42SE1",-0.357377668485107,2.76717103500029e-10
"RAB10",-0.357394196181394,2.76158324508287e-10
"ABI1",-0.357962276713774,2.57604807515417e-10
"CDK17",-0.358600245790455,2.38211441920751e-10
"OSBPL8",-0.359615990782268,2.10226410803015e-10
"PRRC2C",-0.361496842619734,1.66601444532341e-10
"MDM2",-0.362251450010212,1.51693860159969e-10
"SAMD9",-0.362745392019248,1.42646895909977e-10
"EDEM3",-0.362863446992727,1.4056355983941e-10
"TJP1",-0.362987640824826,1.38403824471647e-10
"ALDH1A3",-0.363754053712652,1.25772448192704e-10
"F11R",-0.363957580486929,1.22611080892593e-10
"ASH1L",-0.364259328999142,1.18065792502034e-10
"PKN2",-0.364966242180334,1.08049595619555e-10
"ZMYM1",-0.365149463499173,1.05591490267901e-10
"TOR1AIP1",-0.365635731934933,9.93284369448646e-11
"ARHGAP23",-0.365968292795223,9.52547459546725e-11
"RBMS1",-0.366588789735828,8.8084040478052e-11
"UBE2D1",-0.367042002779014,8.3181210909907e-11
"MEF2A",-0.367511035188646,7.83870161954742e-11
"WDR26",-0.368632557436696,6.79874413864902e-11
"EPS15",-0.369025562443407,6.46711700700572e-11
"SMAD3",-0.369477004661991,6.10558308374357e-11
"CHD9",-0.369834357066712,5.83341844901868e-11
"SCYL3",-0.370279660426674,5.51075249101543e-11
"SHOC2",-0.370811852247117,5.14786471723274e-11
"RAP2C",-0.370996962445532,5.02717991367436e-11
"BTBD7",-0.371044774709791,4.99645834736261e-11
"FBXO34",-0.371153739450312,4.92712464743069e-11
"ZMYM6",-0.371508376590643,4.70789240755867e-11
"NIPBL",-0.371955568830181,4.44494379680592e-11
"ARID4A",-0.372311622630194,4.24585878895574e-11
"SOS2",-0.374389390163423,3.24599742426991e-11
"ABO",-0.375131483726712,2.94778396833762e-11
"DAAM1",-0.375235135993427,2.90831483111397e-11
"SLC12A6",-0.376130464912291,2.58813631243352e-11
"CTTNBP2NL",-0.378059129014017,2.01067919459669e-11
"VDR",-0.382293406747786,1.14836487533518e-11
"RC3H1",-0.382537544432941,1.11159552228537e-11
"PAPOLG",-0.382646155008541,1.09560892161419e-11
"ITGAV",-0.383434762231381,9.86066178330291e-12
"ZMIZ1",-0.383818677005134,9.36676460171875e-12
"ELK3",-0.383841815779936,9.33778026184496e-12
"KLHL20",-0.384033891221786,9.10053149201807e-12
"DENND1B",-0.384680006091637,8.34479594412057e-12
"KLHL28",-0.385061559765921,7.92761686789906e-12
"CEP350",-0.385726799541474,7.24837235870361e-12
"ATAD2B",-0.38624447060018,6.75938457220443e-12
"PUS10",-0.386422497500186,6.59877357834282e-12
"LYST",-0.387628074889353,5.60495553576052e-12
"EFCAB14",-0.390680976503519,3.6961964287135e-12
"BLZF1",-0.391305251203275,3.39273742418215e-12
"RIT1",-0.39161455523379,3.25152907793241e-12
"LRP1",-0.392996742863282,2.68749662148559e-12
"NIPAL2",-0.393070881386627,2.660106242405e-12
"ARHGAP32",-0.396755140998958,1.59370074385587e-12
"XRN1",-0.399145990321853,1.13904682590162e-12
"IDS",-0.399666376644948,1.05836981308313e-12
"REEP3",-0.399873208958484,1.02787753577589e-12
"RALGPS2",-0.400521684927803,9.37731635299548e-13
"RICTOR",-0.406221260992394,4.14922388799953e-13
"RAB5B",-0.408202223447371,3.11387980384731e-13
"NEMF",-0.410018381159371,2.3893614660755e-13
"NCOA4",-0.414697608088182,1.1987070436524e-13
"MPZL2",-0.422764540535946,3.55792320629365e-14
"MON2",-0.423519147926423,3.17048417148378e-14
"DICER1",-0.427555683579616,1.7027600273516e-14
"TMCC1",-0.435875725890518,4.60476746681238e-15
"EEA1",-0.436232724130319,4.34998603434695e-15
"CTNND1",-0.436315362611754,4.29300637562049e-15
"SKIL",-0.447503668558301,6.96517748461291e-16
"RASAL2",-0.461645237721397,6.34180206766129e-17
