sample,sub,n,LONP1,FIS1,MFF,DNM1L,MFN1,MFN2,OPA1,CLPP,HSPD1,HSPA9,fission,fusion
GSM6360680_N_HPV_NEG_1,0,307,0.14797117,1.0053272,0.43459398,0.31093812,0.17190547,0.21502765,0.19592518,0.497029,1.7100317,0.7755859,0.7199606,0.19428611
GSM6360680_N_HPV_NEG_1,1,70,0.11879928,1.1942092,0.41863948,0.16724217,0.1756076,0.10228403,0.12283064,0.5013911,1.3361698,0.6244424,0.8064244,0.13357408
GSM6360680_N_HPV_NEG_1,2,148,0.07737088,1.125818,0.33637458,0.18414526,0.16495347,0.089747556,0.16576615,0.3450987,1.2092376,0.5112516,0.73109627,0.14015572
GSM6360680_N_HPV_NEG_1,3,55,0.1698709,0.43373132,0.3294445,0.051778667,0.15893717,0.0,0.100775786,0.15194996,0.5082624,0.1986456,0.38158792,0.086570986
GSM6360680_N_HPV_NEG_1,4,216,0.13678084,1.0436066,0.41432846,0.2865675,0.1789954,0.16828987,0.20089337,0.39676023,1.3006499,0.62442005,0.72896755,0.18272622
GSM6360680_N_HPV_NEG_1,5,281,0.11478442,1.0018139,0.3592433,0.27700806,0.15734345,0.16941647,0.1849622,0.38614434,1.5238984,0.647384,0.6805286,0.17057405
GSM6360680_N_HPV_NEG_1,6,761,0.10058172,0.9473054,0.3012644,0.22373173,0.17806692,0.1280391,0.16756113,0.33869,0.9299045,0.54740655,0.62428486,0.15788905
GSM6360680_N_HPV_NEG_1,7,91,0.0871823,0.8202115,0.39916816,0.20845515,0.20662946,0.16318764,0.18996908,0.28421795,1.1474274,0.55389833,0.60968983,0.18659538
GSM6360680_N_HPV_NEG_1,8,175,0.08643941,0.116630316,0.17018096,0.19874838,0.136828,0.09871299,0.093833715,0.12395334,0.69998986,0.39443496,0.14340565,0.10979157
GSM6360680_N_HPV_NEG_1,10,423,0.101193786,0.8474722,0.38225615,0.26942816,0.12065035,0.12345682,0.17154333,0.31469998,1.5124044,0.61465394,0.6148642,0.13855016
GSM6360680_N_HPV_NEG_1,13,455,0.23447794,1.048076,0.33897457,0.27228695,0.1777488,0.12604737,0.20178896,0.36825055,1.1142907,0.67271006,0.6935253,0.16852838
GSM6360681_N_HPV_NEG_2,4,182,0.08496743,1.0162444,0.27254546,0.31509522,0.17718285,0.20629425,0.2281954,0.29329014,1.0873418,0.5375313,0.64439493,0.20389085
GSM6360681_N_HPV_NEG_2,6,374,0.06068447,0.88494945,0.25319487,0.21699406,0.14962493,0.17706674,0.16917217,0.2897985,0.80562156,0.45674995,0.5690721,0.16528796
GSM6360681_N_HPV_NEG_2,8,199,0.0610971,0.23151954,0.14188907,0.29851297,0.1797105,0.11612836,0.0860151,0.042868417,0.3720181,0.32267237,0.18670431,0.12728466
GSM6360681_N_HPV_NEG_2,10,50,0.09284918,0.6407844,0.28028286,0.23859972,0.16817619,0.1078665,0.11943472,0.31628007,0.9543184,0.6299296,0.46053362,0.1318258
GSM6360681_N_HPV_NEG_2,16,80,0.2130746,0.8477644,0.19112167,0.12803546,0.15972796,0.107042074,0.1584167,0.2637271,0.8993379,0.30004174,0.51944304,0.14172892
GSM6360681_N_HPV_NEG_2,19,1190,0.16985418,1.1002781,0.26034927,0.2962194,0.19900554,0.15295358,0.21691948,0.3482833,1.0411392,0.6522041,0.6803137,0.1896262
GSM6360682_N_1,0,146,0.15837967,0.8348743,0.28566277,0.33303356,0.15392101,0.21470207,0.22478014,0.46609047,1.8760092,0.8815853,0.5602685,0.19780107
GSM6360682_N_1,3,226,0.050145,0.51887983,0.11556656,0.12918703,0.06083681,0.036379185,0.0265415,0.1221778,0.45951867,0.28539723,0.3172232,0.041252498
GSM6360682_N_1,4,179,0.14202301,0.96256506,0.20810178,0.34813723,0.15116164,0.12991218,0.14349014,0.3405291,1.3663006,0.7886853,0.5853334,0.14152132
GSM6360682_N_1,5,96,0.17125976,0.85351557,0.29646593,0.36390975,0.12223444,0.17853151,0.16135253,0.38971838,1.5501183,0.8396385,0.57499075,0.1540395
GSM6360682_N_1,7,63,0.090932235,0.7029224,0.27403122,0.3487369,0.1602797,0.16263264,0.15234177,0.34346285,1.6243746,0.6823314,0.4884768,0.15841804
GSM6360682_N_1,8,125,0.05434133,0.1025341,0.12185793,0.2447622,0.12816265,0.08555911,0.11222638,0.09774701,1.1165937,0.39378762,0.11219601,0.10864937
GSM6360682_N_1,10,305,0.084249355,0.6254937,0.24106586,0.34597832,0.11968591,0.15703216,0.14580703,0.26206785,1.5365802,0.7051799,0.43327978,0.14084171
GSM6360682_N_1,13,964,0.20043258,0.960259,0.22571708,0.28272137,0.15396462,0.12392258,0.19411752,0.33277678,1.1776638,0.7426172,0.5929881,0.15733491
GSM6360682_N_1,16,74,0.20317683,1.0237919,0.22011746,0.22929287,0.23764423,0.09737419,0.20419858,0.33787608,1.4688195,0.7178739,0.6219547,0.179739
GSM6360682_N_1,18,80,0.15618218,0.8173667,0.2082171,0.2623302,0.13038251,0.09738191,0.1849762,0.32996726,1.2916039,0.7732776,0.51279193,0.13758022
GSM6360683_N_2,0,107,0.15858041,0.7905299,0.361488,0.3947338,0.15641646,0.28942698,0.32553652,0.38313326,1.5593741,0.85917914,0.576009,0.25712666
GSM6360683_N_2,3,182,0.10180476,0.84862727,0.17434546,0.18310636,0.10848346,0.074549705,0.051501945,0.17299359,0.49751458,0.3190016,0.51148635,0.07817837
GSM6360683_N_2,4,72,0.18047558,0.83894885,0.38148722,0.18358861,0.2529061,0.035643995,0.07304466,0.22515899,0.75603414,0.45570606,0.61021805,0.12053159
GSM6360683_N_2,5,209,0.15135747,0.791748,0.32337007,0.32953516,0.18935975,0.3048258,0.25323305,0.35668325,1.3405623,0.80404997,0.557559,0.24913955
GSM6360683_N_2,7,646,0.13301207,0.7984411,0.26734775,0.25189805,0.13901019,0.15069936,0.13128604,0.34031606,1.2223291,0.7157903,0.53289443,0.14033186
GSM6360683_N_2,10,235,0.09673929,0.7867721,0.27341065,0.33424267,0.15110865,0.13009198,0.15233618,0.2854869,1.3944589,0.7017594,0.53009135,0.14451228
GSM6360683_N_2,13,111,0.21079513,0.7064241,0.3163242,0.3062923,0.16891307,0.18379816,0.22185642,0.2616634,1.0245575,0.7703994,0.5113742,0.19152255
GSM6360683_N_2,16,107,0.122909606,0.55764276,0.22172916,0.18889688,0.19275278,0.07174296,0.12866639,0.20419036,0.9420184,0.531901,0.38968596,0.13105404
GSM6360683_N_2,18,66,0.18516485,0.7344646,0.3248431,0.16091911,0.07190412,0.11166494,0.19068216,0.41440305,0.7966147,0.6495615,0.52965385,0.12475041
GSM6360684_HSIL_1,3,177,0.083818585,0.6236863,0.14885706,0.12088944,0.072504364,0.0076348595,0.041404214,0.19263864,0.55397457,0.24102339,0.3862717,0.04051448
GSM6360684_HSIL_1,15,234,0.15086266,0.70115846,0.2673093,0.33747217,0.19987443,0.13516408,0.25325158,0.2660103,0.860785,0.6180324,0.4842339,0.1960967
GSM6360684_HSIL_1,16,107,0.23687364,0.8691741,0.23800983,0.21152695,0.17877689,0.106974415,0.23342477,0.16646224,1.218232,0.55005795,0.55359197,0.17305869
GSM6360685_HSIL_2,13,128,0.13263977,0.98438096,0.29024494,0.27603978,0.20319757,0.12303089,0.21685259,0.40956596,0.82873434,0.52314204,0.63731295,0.18102701
GSM6360685_HSIL_2,15,491,0.15010604,0.93386954,0.2011209,0.20220584,0.17496377,0.10106335,0.2288252,0.27393648,0.760463,0.4764427,0.5674952,0.1682841
GSM6360685_HSIL_2,16,56,0.3274834,1.1387547,0.18732214,0.23232879,0.23580624,0.09364068,0.19286416,0.28863993,0.80843383,0.30328622,0.66303843,0.17410369
GSM6360685_HSIL_2,19,51,0.10029041,0.8722148,0.24763523,0.20170327,0.23137252,0.18060793,0.22251512,0.26174468,0.68655837,0.4225963,0.559925,0.21149851
GSM6360685_HSIL_2,21,2611,0.22108762,0.9030142,0.301374,0.27265668,0.2577475,0.16111802,0.29100153,0.4168286,1.1547434,0.70107734,0.6021941,0.23662233
GSM6360685_HSIL_2,22,332,0.25097358,0.8702662,0.3426513,0.36063647,0.26348242,0.19781049,0.3659558,0.45969456,1.0088029,0.6928764,0.6064588,0.27574956
GSM6360685_HSIL_2,25,63,0.22880512,0.9977032,0.27673826,0.32168135,0.225246,0.10492436,0.31383908,0.447747,1.0599942,0.7137644,0.63722074,0.21466982
GSM6360686_SCC_4,9,647,0.10937987,0.5260608,0.1757276,0.18064283,0.18893817,0.17567953,0.17799206,0.24525914,0.8464372,0.3333968,0.3508942,0.18086992
GSM6360687_SCC_5,8,61,0.060352538,0.021596868,0.024988616,0.11795022,0.35147467,0.2535104,0.16561678,0.054691907,0.38720936,0.21549347,0.023292743,0.2568673
GSM6360687_SCC_5,11,1817,0.13423198,0.34840494,0.326201,0.35620505,0.8321818,0.44678095,0.38884547,0.24434349,1.305086,0.77068585,0.33730298,0.55593604
GSM6360687_SCC_5,12,643,0.0781963,0.13448972,0.1400592,0.14534165,0.7597952,0.23054217,0.24951068,0.057718743,0.40248743,0.42343774,0.13727446,0.41328266
GSM6360687_SCC_5,17,233,0.12026482,0.41202736,0.3618833,0.37915465,0.9396552,0.35861126,0.40261385,0.21880752,1.2352064,0.8294712,0.38695532,0.5669601
GSM6360687_SCC_5,20,132,0.09336726,0.4386524,0.31720448,0.3719173,0.73284453,0.43561593,0.3327707,0.35583183,1.5712944,0.9091185,0.37792844,0.5004104
GSM6360687_SCC_5,24,126,0.17164543,0.857863,0.26635143,0.41167066,0.22509502,0.16427353,0.31356534,0.2991057,1.239086,0.7953957,0.5621072,0.2343113
GSM6360688_ADC_6,0,215,0.13912646,0.8508834,0.34789872,0.3179593,0.1918356,0.21217215,0.3640058,0.39744005,1.6228803,0.8256207,0.5993911,0.2560045
GSM6360688_ADC_6,2,67,0.08032534,0.6376081,0.17227253,0.21314143,0.15775259,0.101188414,0.12541364,0.22487265,1.1186925,0.51858664,0.4049403,0.12811822
GSM6360688_ADC_6,5,564,0.122773096,0.85860354,0.29912773,0.29654256,0.18843059,0.19401525,0.22642301,0.31214744,1.2314682,0.7156705,0.57886565,0.20295627
GSM6360688_ADC_6,6,100,0.11593565,0.96436477,0.29629564,0.24415635,0.23061012,0.25171104,0.22666161,0.2919698,0.92861,0.6641867,0.6303302,0.23632759
GSM6360688_ADC_6,7,213,0.15272692,0.7651598,0.3078704,0.3638424,0.1710173,0.16551705,0.21856494,0.34862766,1.34134,0.7524418,0.5365151,0.1850331
GSM6360688_ADC_6,8,179,0.0840138,0.07454288,0.10190629,0.16096056,0.08135728,0.121453,0.053386528,0.015078473,0.40777555,0.27560082,0.08822459,0.08539894
GSM6360688_ADC_6,10,606,0.08838347,0.7335473,0.28759107,0.2365827,0.12623973,0.13458459,0.14950775,0.25475875,1.2070181,0.59852976,0.51056916,0.13677736
GSM6360688_ADC_6,11,134,0.15431042,0.71455246,0.18294461,0.3845118,0.25004748,0.37412688,0.41839442,0.45629415,1.7513877,0.9833309,0.44874853,0.34752294
GSM6360688_ADC_6,12,271,0.045415644,0.25144872,0.07998678,0.1109598,0.2857492,0.19664596,0.27227432,0.11455423,0.23372369,0.20002727,0.16571775,0.2515565
GSM6360688_ADC_6,13,97,0.15002003,0.8524687,0.26096815,0.2936127,0.123741426,0.13104692,0.20156318,0.28119618,0.8856651,0.74608934,0.55671847,0.15211718
