sample_id,group,source,LONP1_log2TPM,EPCAM,KRT5,KRT8,KRT17,LONP1,epi_score,tumor
TCGA-EK-A2PG-01,Tumor,TCGA,5.386,5.877,11.58,4.779,10.62,5.386,-0.40336645252743064,1
TCGA-ZJ-AAX4-01,Tumor,TCGA,5.648,6.171,12.14,4.651,11.24,5.648,-0.2978127597510771,1
TCGA-EK-A2PM-01,Tumor,TCGA,6.972,7.43,12.51,8.555,13.06,6.972,0.4824645763019588,1
TCGA-DS-A5RQ-01,Tumor,TCGA,4.164,5.651,13.47,8.28,12.26,4.164,0.24138078712529876,1
TCGA-C5-A1MK-01,Tumor,TCGA,5.635,6.517,12.16,9.509,9.884,5.635,0.2001516558149272,1
TCGA-C5-A8YQ-01,Tumor,TCGA,5.335,2.118,13.36,4.381,12.19,5.335,-0.6290013415622699,1
TCGA-VS-A8Q9-01,Tumor,TCGA,5.958,6.118,10.14,4.328,12.55,5.958,-0.35459999332151726,1
TCGA-VS-A9UL-01,Tumor,TCGA,5.887,9.415,6.815,9.29,7.561,5.887,-0.029480712733399167,1
TCGA-C5-A1BM-01,Tumor,TCGA,5.36,3.672,13.09,7.958,11.25,5.36,-0.12887875167031507,1
TCGA-FU-A3TX-01,Tumor,TCGA,6.082,5.994,10.44,8.234,10.73,6.082,-0.04396510792104211,1
TCGA-DS-A1OA-01,Tumor,TCGA,5.411,6.18,11.22,8.006,11.46,5.411,0.06067061481942362,1
TCGA-C5-A3HL-01,Tumor,TCGA,5.327,5.65,14.09,9.108,12.55,5.327,0.40218244211797766,1
TCGA-VS-A8QH-01,Tumor,TCGA,5.53,10.29,3.195,11.73,5.514,5.53,-0.04229332872510644,1
TCGA-VS-A959-01,Tumor,TCGA,5.196,7.163,10.33,10.43,9.976,5.196,0.27565803724737775,1
TCGA-VS-A9UI-01,Tumor,TCGA,5.515,4.808,13.76,9.607,11.94,5.515,0.29389114091546104,1
TCGA-DS-A1O9-01,Tumor,TCGA,5.398,4.592,12.7,8.152,10.89,5.398,-0.05735696245631027,1
TCGA-MA-AA42-01,Tumor,TCGA,5.275,3.355,13.2,7.9,7.859,5.275,-0.4532808589622572,1
TCGA-C5-A8XJ-01,Tumor,TCGA,6.373,7.968,11.84,9.799,10.42,6.373,0.4233833810233986,1
TCGA-EK-A2RA-01,Tumor,TCGA,4.629,6.187,11.77,8.141,11.55,4.629,0.11921993740190592,1
TCGA-VS-A9UV-01,Tumor,TCGA,5.557,6.148,13.29,8.061,10.61,5.557,0.11978539984872465,1
TCGA-VS-A9UD-01,Tumor,TCGA,6.153,7.919,12.08,10.43,6.248,6.153,0.1520152121433897,1
TCGA-ZJ-A8QO-01,Tumor,TCGA,6.005,5.231,12.13,6.855,9.762,6.005,-0.26996401720980245,1
TCGA-C5-A7X5-01,Tumor,TCGA,5.359,6.41,13.03,5.723,12.83,5.359,0.04624563290390815,1
TCGA-VS-A9UT-01,Tumor,TCGA,4.906,5.839,4.633,8.404,6.108,4.906,-0.7956410207370066,1
TCGA-C5-A1MH-01,Tumor,TCGA,6.129,4.191,12.91,9.047,10.32,6.129,-0.032349281481967404,1
TCGA-C5-A7X3-01,Tumor,TCGA,4.817,6.167,10.97,10.6,12.76,4.817,0.460459738523633,1
TCGA-C5-A8XI-01,Tumor,TCGA,5.967,6.461,12.95,10.07,11.9,5.967,0.48077986954529917,1
TCGA-IR-A3LK-01,Tumor,TCGA,4.909,5.583,13.33,9.691,13.23,4.909,0.47412247117903206,1
TCGA-C5-A7CO-01,Tumor,TCGA,5.851,5.456,12.68,9.362,10.5,5.851,0.14818509320125314,1
TCGA-EA-A3HT-01,Tumor,TCGA,4.9,5.43,12.83,7.227,10.67,4.9,-0.08287921350116803,1
TCGA-MY-A5BF-01,Tumor,TCGA,6.015,6.641,13.77,9.647,11.48,6.015,0.4662988844884936,1
TCGA-EK-A2RK-01,Tumor,TCGA,5.895,5.746,13.06,10.84,9.165,5.895,0.26515813536126964,1
TCGA-VS-A954-01,Tumor,TCGA,5.928,4.885,12.68,2.167,12.24,5.928,-0.6169248166189386,1
TCGA-ZJ-AAXI-01,Tumor,TCGA,3.51,5.259,12.12,7.225,8.982,3.51,-0.2901874223180277,1
TCGA-VS-A952-01,Tumor,TCGA,6.052,10.23,1.078,10.41,8.911,6.052,-0.047086801721634985,1
TCGA-C5-A1BQ-01,Tumor,TCGA,6.253,3.294,13.77,10.76,11.12,6.253,0.19040702907136373,1
TCGA-C5-A2LZ-01,Tumor,TCGA,5.209,4.997,12.22,7.99,10.72,5.209,-0.07520055136414633,1
TCGA-EK-A3GM-01,Tumor,TCGA,5.676,10.22,2.365,10.32,12.24,5.676,0.30456918959532264,1
TCGA-VS-A8EK-01,Tumor,TCGA,6.157,5.914,11.09,5.863,12.26,6.157,-0.16209413049597438,1
TCGA-C5-A1BE-01,Tumor,TCGA,6.256,6.762,12.95,8.907,11.61,6.256,0.3527185105349139,1
TCGA-EK-A2GZ-01,Tumor,TCGA,4.565,7.09,12.14,7.761,11.51,4.565,0.1955574766108886,1
TCGA-FU-A3HZ-01,Tumor,TCGA,6.563,9.254,6.834,10.82,4.03,6.563,-0.16651895457664478,1
TCGA-HM-A3JK-01,Tumor,TCGA,5.963,4.22,12.52,6.414,10.25,5.963,-0.36997207049944214,1
TCGA-IR-A3LF-01,Tumor,TCGA,5.847,9.386,-0.013,10.47,7.056,5.847,-0.360687646638992,1
TCGA-Q1-A5R2-01,Tumor,TCGA,5.875,5.585,12.92,8.515,11.73,5.875,0.18239003357203593,1
TCGA-VS-A957-01,Tumor,TCGA,5.714,7.943,11.92,9.13,9.738,5.714,0.2885291571429908,1
TCGA-ZJ-AAXA-01,Tumor,TCGA,5.441,6.329,12.21,4.94,12.25,5.441,-0.1555887928969015,1
TCGA-ZX-AA5X-01,Tumor,TCGA,5.668,6.029,12.06,7.014,11.16,5.668,-0.04673433474484619,1
TCGA-JX-A3Q0-01,Tumor,TCGA,6.316,3.352,13.33,9.605,9.583,6.316,-0.09756085347741657,1
TCGA-LP-A4AV-01,Tumor,TCGA,6.071,2.894,11.34,7.36,11.37,6.071,-0.38547793452375406,1
TCGA-VS-A953-01,Tumor,TCGA,6.087,5.908,13.34,6.692,13.61,6.087,0.1897795895329249,1
TCGA-VS-A9V4-01,Tumor,TCGA,5.31,9.953,0.5271,11.27,6.966,5.31,-0.1766024150523519,1
TCGA-EX-A69M-01,Tumor,TCGA,5.57,7.558,7.31,8.175,9.844,5.57,-0.14484812338076014,1
TCGA-MY-A5BD-01,Tumor,TCGA,5.656,8.258,11.21,10.73,11.38,5.656,0.6084710114774324,1
TCGA-VS-A9V3-01,Tumor,TCGA,5.164,5.453,12.02,9.98,11.48,5.164,0.2632117575706894,1
TCGA-ZJ-AAXF-01,Tumor,TCGA,5.639,3.251,13.29,7.201,12.24,5.639,-0.16885458812356818,1
TCGA-C5-A1MJ-01,Tumor,TCGA,6.283,9.017,0.8246,9.4,4.271,6.283,-0.7135578239987235,1
TCGA-DR-A0ZM-01,Tumor,TCGA,5.086,1.281,13.2,10.77,8.417,5.086,-0.3004552123805929,1
TCGA-VS-A9UZ-01,Tumor,TCGA,6.617,9.193,3.363,10.2,4.003,6.617,-0.464476480630609,1
TCGA-EA-A3HQ-01,Tumor,TCGA,5.603,5.804,12.47,6.071,11.64,5.603,-0.11698379821195654,1
TCGA-FU-A23L-01,Tumor,TCGA,4.68,7.606,11.7,9.164,11.53,4.68,0.39353681162293697,1
TCGA-IR-A3LA-01,Tumor,TCGA,5.816,8.752,8.333,10.01,2.384,5.816,-0.3656037511661001,1
TCGA-IR-A3LL-01,Tumor,TCGA,6.197,3.278,12.35,8.372,10.42,6.197,-0.24099808471454656,1
TCGA-MU-A5YI-01,Tumor,TCGA,5.265,6.534,11.66,7.496,9.351,5.265,-0.11191630964648959,1
TCGA-VS-A8EJ-01,Tumor,TCGA,6.101,7.643,3.342,10.67,6.035,6.101,-0.41169889028596285,1
TCGA-EA-A3QD-01,Tumor,TCGA,6.048,7.029,8.489,8.447,9.694,6.048,-0.11179695922634955,1
TCGA-EA-A5FO-01,Tumor,TCGA,5.976,8.004,12.89,11.36,11.37,5.976,0.7577518666971969,1
TCGA-EK-A2RO-01,Tumor,TCGA,6.095,5.702,13.44,9.227,12.7,6.095,0.3944658181706705,1
TCGA-C5-A7CK-01,Tumor,TCGA,5.803,7.267,13.37,10.13,12.19,5.803,0.629328288790939,1
TCGA-EK-A2R9-01,Tumor,TCGA,5.47,6.658,10.89,8.608,12.48,5.47,0.2518340790839648,1
TCGA-EX-A1H5-01,Tumor,TCGA,6.135,7.935,12.88,11.38,11.05,6.135,0.724481062104815,1
TCGA-VS-A9V0-01,Tumor,TCGA,5.749,9.344,3.55,10.57,5.182,5.749,-0.2918239607491748,1
TCGA-ZJ-AAX8-01,Tumor,TCGA,5.421,5.246,13.59,8.741,11.31,5.421,0.17677974125439316,1
TCGA-EA-A3HR-01,Tumor,TCGA,4.816,5.166,12.93,7.219,10.52,4.816,-0.12008541606001104,1
TCGA-VS-A9U5-01,Tumor,TCGA,5.581,7.187,10.81,9.715,9.842,5.581,0.21239798466718607,1
TCGA-WL-A834-01,Tumor,TCGA,6.335,6.983,12.42,8.696,12.98,6.335,0.4364074274649471,1
TCGA-C5-A2M2-01,Tumor,TCGA,5.836,10.87,3.918,10.42,8.154,5.836,0.13807991851534174,1
TCGA-C5-A8YR-01,Tumor,TCGA,6.347,6.359,3.794,9.694,10.37,6.347,-0.27414965252988016,1
TCGA-EA-A5ZF-01,Tumor,TCGA,5.413,9.377,3.099,11.15,9.074,5.413,0.08369451785086267,1
TCGA-JW-A5VJ-01,Tumor,TCGA,5.764,4.074,12.37,4.117,12.1,5.764,-0.5092481881499618,1
TCGA-Q1-A5R3-01,Tumor,TCGA,5.557,6.216,9.901,11.46,12.71,5.557,0.4967852029118418,1
TCGA-VS-A8EH-01,Tumor,TCGA,5.575,7.248,12.65,8.458,11.57,5.575,0.3323732713402912,1
TCGA-C5-A1M6-01,Tumor,TCGA,6.281,8.432,4.045,9.728,10.17,6.281,-0.03833755647501958,1
TCGA-C5-A7CG-01,Tumor,TCGA,5.757,6.7,12.2,8.91,7.702,5.757,-0.03324221520653023,1
TCGA-C5-A7UH-01,Tumor,TCGA,5.965,6.547,9.842,6.09,11.01,5.965,-0.24805078496359556,1
TCGA-FU-A3EO-01,Tumor,TCGA,5.847,8.713,1.202,10.97,11.29,5.847,0.05857704855117453,1
TCGA-FU-A3TQ-01,Tumor,TCGA,5.129,5.714,13.22,10.7,10.19,5.129,0.34225090122540747,1
TCGA-Q1-A6DT-01,Tumor,TCGA,5.713,6.079,11.76,4.586,11.63,5.713,-0.3062348017185813,1
TCGA-VS-A8EC-01,Tumor,TCGA,6.412,8.437,5.872,10.3,10.56,6.412,0.17642984693069444,1
TCGA-VS-A9UJ-01,Tumor,TCGA,6.316,9.256,3.766,10.55,8.859,6.316,0.022411060517353004,1
TCGA-C5-A2LX-01,Tumor,TCGA,5.962,5.809,12.88,9.857,11.26,5.962,0.3234469976250892,1
TCGA-EA-A5ZE-01,Tumor,TCGA,5.577,6.976,8.021,9.325,12.04,5.577,0.15652003956142468,1
TCGA-EA-A78R-01,Tumor,TCGA,5.834,6.415,12.4,10.31,11.49,5.834,0.4348467104699432,1
TCGA-MA-AA3W-01,Tumor,TCGA,5.284,6.22,12.51,9.902,12.15,5.284,0.42779180761399255,1
TCGA-VS-A9UB-01,Tumor,TCGA,5.619,5.217,11.28,11.88,11.78,5.619,0.4404323286873849,1
TCGA-ZJ-AAXT-01,Tumor,TCGA,6.432,4.382,13.93,9.273,13.09,6.432,0.31502662094299505,1
TCGA-BI-A0VR-01,Tumor,TCGA,5.428,5.85,13.06,8.462,10.83,5.428,0.13801865907431726,1
TCGA-C5-A1M5-01,Tumor,TCGA,5.597,6.455,12.7,7.92,9.927,5.597,0.042880785872685234,1
TCGA-DG-A2KL-01,Tumor,TCGA,5.176,5.09,13.68,9.537,11.46,5.176,0.27151978680668,1
TCGA-DR-A0ZL-01,Tumor,TCGA,5.354,6.919,12.05,9.968,12.29,5.354,0.4975681110743476,1
TCGA-IR-A3LB-01,Tumor,TCGA,5.805,9.566,3.763,11.39,11.1,5.805,0.34703336319088185,1
TCGA-JW-A5VH-01,Tumor,TCGA,6.362,9.853,8.37,11.56,3.256,6.362,0.017717557091957103,1
TCGA-LP-A7HU-01,Tumor,TCGA,6.676,8.266,8.603,10.9,9.955,6.676,0.3461410347356797,1
TCGA-VS-A9UH-01,Tumor,TCGA,5.552,3.686,12.82,9.127,13.58,5.552,0.19225318433299612,1
TCGA-VS-A9UR-01,Tumor,TCGA,6.21,8.163,10.9,11.33,12.43,6.21,0.7387263939218996,1
TCGA-LP-A4AW-01,Tumor,TCGA,5.765,6.709,12.02,8.946,10.99,5.765,0.2407917875854874,1
TCGA-VS-A9U6-01,Tumor,TCGA,5.158,7.764,10.61,8.718,10.8,5.158,0.22881355732996303,1
TCGA-2W-A8YY-01,Tumor,TCGA,6.954,9.382,8.372,10.15,4.207,6.954,-0.12055987836300852,1
TCGA-C5-A3HD-01,Tumor,TCGA,5.543,6.909,12.57,9.881,12.28,5.543,0.5176302909462047,1
TCGA-DG-A2KK-01,Tumor,TCGA,6.489,8.349,10.62,11.1,11.22,6.489,0.6120932174490986,1
TCGA-DS-A0VM-01,Tumor,TCGA,4.575,7.334,10.64,9.524,11.63,4.575,0.3480764681850052,1
TCGA-EA-A410-01,Tumor,TCGA,6.814,9.765,8.854,10.96,5.208,6.814,0.133286738594597,1
TCGA-EK-A2RJ-01,Tumor,TCGA,5.824,3.51,8.659,9.764,11.45,5.824,-0.19224111750254677,1
TCGA-EK-A3GJ-01,Tumor,TCGA,5.491,6.775,12.89,6.258,12.58,5.491,0.12045916730970987,1
TCGA-HM-A4S6-01,Tumor,TCGA,5.003,4.332,13.81,8.896,6.835,5.003,-0.27512046844835053,1
TCGA-VS-A8QC-01,Tumor,TCGA,6.006,5.273,13.78,8.163,11.18,6.006,0.11234779277577106,1
TCGA-VS-AA62-01,Tumor,TCGA,5.634,5.886,9.237,10.08,13.08,5.634,0.2870677655796593,1
TCGA-ZJ-AAXU-01,Tumor,TCGA,5.752,5.608,13.3,8.62,13.27,5.752,0.352098136134611,1
TCGA-C5-A1MI-01,Tumor,TCGA,5.398,8.743,2.084,12.39,10.03,5.398,0.17702555949801688,1
TCGA-DG-A2KJ-01,Tumor,TCGA,5.307,7.287,3.202,12.02,5.303,5.307,-0.3634747923196493,1
TCGA-EA-A411-01,Tumor,TCGA,5.045,7.813,10.08,10.66,10.67,5.045,0.41948982209242647,1
TCGA-EA-A439-01,Tumor,TCGA,5.33,10.01,5.492,11.1,9.953,5.33,0.372520607765465,1
TCGA-MA-AA3X-01,Tumor,TCGA,4.958,5.619,9.607,3.081,11.65,4.958,-0.667633126344302,1
TCGA-VS-A9V5-01,Tumor,TCGA,4.978,9.363,3.674,10.34,8.776,4.978,-0.003112951098129063,1
TCGA-BI-A20A-01,Tumor,TCGA,5.442,8.328,11.2,9.677,10.21,5.442,0.3918510946715449,1
TCGA-C5-A1MF-01,Tumor,TCGA,4.712,6.26,8.543,10.79,12.38,4.712,0.3102118989336712,1
TCGA-C5-A1ML-01,Tumor,TCGA,5.113,7.21,12.68,9.713,13.7,5.113,0.6594111805491261,1
TCGA-DS-A1OD-01,Tumor,TCGA,4.996,5.95,10.59,9.929,10.33,4.996,0.12635705805539985,1
TCGA-EA-A4BA-01,Tumor,TCGA,6.245,8.781,3.023,9.662,6.002,6.245,-0.4252337934904078,1
TCGA-EA-A6QX-01,Tumor,TCGA,5.315,6.984,11.52,9.951,10.71,5.315,0.33542059886986686,1
TCGA-FU-A57G-01,Tumor,TCGA,5.451,9.441,-0.7834,9.945,3.183,5.451,-0.7940764145443162,1
TCGA-IR-A3LH-01,Tumor,TCGA,5.408,6.842,7.083,9.117,11.45,5.408,0.008390985502062548,1
TCGA-BI-A0VS-01,Tumor,TCGA,5.389,6.125,12.49,4.436,13.23,5.389,-0.13717689813193312,1
TCGA-C5-A7CL-01,Tumor,TCGA,5.603,6.391,12.96,9.383,14.01,5.603,0.5721139240876474,1
TCGA-C5-A7UC-01,Tumor,TCGA,5.831,7.046,11.63,10.35,12.58,5.831,0.5555330479461871,1
TCGA-EK-A2IR-01,Tumor,TCGA,6.458,7.905,10.63,10.01,10.98,6.458,0.41370357997352847,1
TCGA-EK-A2R8-01,Tumor,TCGA,5.573,6.946,8.958,11.13,10.71,5.573,0.31110502457126066,1
TCGA-EK-A2RB-01,Tumor,TCGA,5.342,2.772,12.98,5.768,9.042,5.342,-0.6833944384071127,1
TCGA-IR-A3LI-01,Tumor,TCGA,6.086,8.741,-0.3022,11.39,8.721,6.086,-0.2008968840260094,1
TCGA-MA-AA3Y-01,Tumor,TCGA,5.731,3.632,12.37,9.286,12.86,5.731,0.11567945572087235,1
TCGA-MA-AA43-01,Tumor,TCGA,5.587,3.765,11.83,9.795,12.64,5.587,0.13842683419668783,1
TCGA-ZJ-AB0H-01,Tumor,TCGA,5.457,5.23,11.91,7.233,9.176,5.457,-0.2890343473185552,1
TCGA-C5-A907-01,Tumor,TCGA,5.958,8.342,8.7,12.33,14.38,5.958,0.9062248722918445,1
TCGA-DS-A0VN-01,Tumor,TCGA,5.159,4.944,12.97,6.391,12.31,5.159,-0.08787378289838765,1
TCGA-DS-A1OC-01,Tumor,TCGA,5.637,8.107,11.5,8.541,12.6,5.637,0.455070147066996,1
TCGA-EA-A1QT-01,Tumor,TCGA,6.069,6.611,12.0,7.442,10.88,6.069,0.04168364579291574,1
TCGA-EK-A3GN-01,Tumor,TCGA,4.713,6.91,10.31,9.555,11.46,4.713,0.2690540104192876,1
TCGA-FU-A3HY-01,Tumor,TCGA,5.254,5.566,12.49,7.552,11.99,5.254,0.06204128751968811,1
TCGA-VS-A8QM-01,Tumor,TCGA,5.052,5.475,12.46,7.198,10.33,5.052,-0.13317357395023563,1
TCGA-VS-A94Y-01,Tumor,TCGA,5.627,8.114,10.05,10.61,13.58,5.627,0.6933630020345707,1
TCGA-C5-A1BF-01,Tumor,TCGA,5.233,5.643,8.293,8.536,12.28,5.233,-0.04922759644556901,1
TCGA-C5-A1M9-01,Tumor,TCGA,5.888,8.872,7.948,11.27,8.988,5.888,0.33495662110040536,1
TCGA-DG-A2KM-01,Tumor,TCGA,4.561,4.57,9.953,4.819,2.801,4.561,-1.3125218787876074,1
TCGA-DS-A3LQ-01,Tumor,TCGA,5.979,7.975,11.26,8.602,13.51,5.979,0.5099884982769627,1
TCGA-EA-A1QS-01,Tumor,TCGA,4.98,5.505,12.45,9.969,13.5,4.98,0.4664702534262136,1
TCGA-JW-AAVH-01,Tumor,TCGA,5.315,7.524,12.09,10.32,10.37,5.315,0.44618091072572735,1
TCGA-MU-A8JM-01,Tumor,TCGA,5.431,3.777,13.33,7.778,11.97,5.431,-0.062091157645027345,1
TCGA-Q1-A73Q-01,Tumor,TCGA,5.826,6.938,11.11,8.952,11.87,5.826,0.28565874373457095,1
TCGA-VS-A958-01,Tumor,TCGA,5.357,3.432,12.91,8.787,10.76,5.357,-0.1109618882874084,1
TCGA-VS-A9V1-01,Tumor,TCGA,5.727,8.492,0.9642,10.06,9.314,5.727,-0.2566881085959375,1
TCGA-C5-A7UE-01,Tumor,TCGA,5.995,5.11,11.93,4.531,12.88,5.995,-0.3047561264749569,1
TCGA-DS-A0VK-01,Tumor,TCGA,6.285,7.935,11.56,8.719,11.27,6.285,0.3472074318261252,1
TCGA-DS-A1OB-01,Tumor,TCGA,6.028,5.034,13.52,10.56,11.19,6.028,0.35300525036258,1
TCGA-EA-A3QE-01,Tumor,TCGA,5.006,5.036,13.15,7.481,8.317,5.006,-0.2777019526950405,1
TCGA-EA-A50E-01,Tumor,TCGA,5.925,6.468,11.72,4.589,12.9,5.925,-0.1564651496945607,1
TCGA-EK-A2R7-01,Tumor,TCGA,5.41,7.986,7.169,11.04,8.702,5.41,0.13538494056492512,1
TCGA-EK-A2RN-01,Tumor,TCGA,3.111,0.6517,12.53,4.134,9.047,3.111,-1.1422960808878675,1
TCGA-FU-A3NI-01,Tumor,TCGA,5.384,6.887,12.47,7.361,9.263,5.384,-0.045301748513075224,1
TCGA-JW-A5VI-01,Tumor,TCGA,4.812,5.237,12.39,6.587,13.92,4.812,0.06927087830582246,1
TCGA-LP-A4AX-01,Tumor,TCGA,5.678,6.523,8.842,9.879,11.28,5.678,0.1572194525431455,1
TCGA-Q1-A73P-01,Tumor,TCGA,5.701,9.42,6.167,11.03,6.809,5.701,0.07211811854791012,1
TCGA-Q1-A73R-01,Tumor,TCGA,6.42,9.145,4.739,10.12,8.646,6.42,0.0014933410890166643,1
TCGA-C5-A3HE-01,Tumor,TCGA,5.7,7.594,7.65,10.79,11.21,5.7,0.3052051834497775,1
TCGA-C5-A901-01,Tumor,TCGA,5.53,3.987,13.38,3.413,12.85,5.53,-0.47550496789894103,1
TCGA-EK-A2PI-01,Tumor,TCGA,5.145,7.224,12.52,8.73,12.3,5.145,0.4158487276980576,1
TCGA-EX-A8YF-01,Tumor,TCGA,5.769,8.039,1.085,9.978,11.62,5.769,-0.11348340709710043,1
TCGA-JW-A69B-01,Tumor,TCGA,5.005,10.47,-2.178,10.32,7.992,5.005,-0.3112301575903885,1
TCGA-Q1-A6DW-01,Tumor,TCGA,5.451,6.27,13.27,9.616,12.83,5.451,0.5047822158328149,1
TCGA-UC-A7PF-01,Tumor,TCGA,6.114,5.601,13.87,9.503,11.62,6.114,0.3504278130114226,1
TCGA-UC-A7PG-01,Tumor,TCGA,4.782,4.172,13.5,4.142,11.74,4.782,-0.4557232714747478,1
TCGA-UC-A7PI-01,Tumor,TCGA,6.401,9.812,3.436,11.45,9.341,6.401,0.2117068677540611,1
TCGA-VS-A8QA-01,Tumor,TCGA,6.663,8.176,10.25,11.19,8.812,6.663,0.3752342862583832,1
TCGA-C5-A1M8-01,Tumor,TCGA,5.988,6.125,12.31,7.629,11.88,5.988,0.11347276854780396,1
TCGA-C5-A7CH-01,Tumor,TCGA,5.827,5.592,13.23,7.411,13.35,5.827,0.21009749346960713,1
TCGA-DS-A7WI-01,Tumor,TCGA,5.523,6.286,11.76,9.241,13.47,5.523,0.4230163357689293,1
TCGA-EA-A3HU-01,Tumor,TCGA,6.187,5.46,13.51,9.128,10.08,6.187,0.13682558990263446,1
TCGA-EA-A43B-01,Tumor,TCGA,5.866,6.044,11.44,11.57,13.35,5.866,0.6405158929093275,1
TCGA-EK-A2PK-01,Tumor,TCGA,4.553,7.651,1.202,10.18,12.51,4.553,-0.05025415219844401,1
TCGA-FU-A3WB-01,Tumor,TCGA,6.183,7.978,12.31,9.922,11.82,6.183,0.5874238194136558,1
TCGA-JW-A5VK-01,Tumor,TCGA,7.13,8.011,13.23,9.903,12.63,7.13,0.7150165882211672,1
TCGA-MA-AA3Z-01,Tumor,TCGA,6.014,6.986,12.43,10.14,10.7,6.014,0.4136298377979077,1
TCGA-PN-A8MA-01,Tumor,TCGA,5.532,7.419,3.739,10.03,8.016,5.532,-0.31908692523096543,1
TCGA-VS-A9UO-01,Tumor,TCGA,5.985,8.634,0.8082,9.698,9.343,5.985,-0.29065016545700173,1
TCGA-VS-A9UP-01,Tumor,TCGA,5.562,9.099,2.138,10.08,5.56,5.562,-0.43274508280835117,1
TCGA-ZJ-AAXJ-01,Tumor,TCGA,4.239,7.417,12.3,8.809,9.223,4.239,0.17122777299368347,1
TCGA-C5-A1MN-01,Tumor,TCGA,4.243,5.918,11.72,10.05,12.35,4.243,0.37922803259335663,1
TCGA-C5-A7CJ-01,Tumor,TCGA,4.812,5.296,13.28,5.964,11.02,4.812,-0.18923433078619797,1
TCGA-C5-A7UI-01,Tumor,TCGA,6.315,3.381,12.7,6.847,11.68,6.315,-0.2803351155447646,1
TCGA-EX-A449-01,Tumor,TCGA,6.502,9.261,1.276,9.508,3.045,6.502,-0.7497053088875293,1
TCGA-JW-A852-01,Tumor,TCGA,7.318,5.263,11.59,9.0,12.05,7.318,0.1480124387623352,1
TCGA-MY-A5BE-01,Tumor,TCGA,5.817,5.278,12.25,9.251,7.88,5.817,-0.13473277142856616,1
TCGA-R2-A69V-01,Tumor,TCGA,4.758,4.249,11.05,7.674,10.79,4.758,-0.26337301350483827,1
TCGA-VS-A8QF-01,Tumor,TCGA,5.618,6.704,11.78,5.1,12.35,5.618,-0.11271606243140969,1
TCGA-VS-A950-01,Tumor,TCGA,5.446,5.919,11.36,7.536,14.33,5.446,0.2289074544739991,1
TCGA-VS-A9UU-01,Tumor,TCGA,5.831,4.523,12.83,4.712,12.22,5.831,-0.3497252979342468,1
TCGA-ZJ-AAXB-01,Tumor,TCGA,5.56,8.787,5.667,10.0,8.34,5.56,-0.021348375389632607,1
TCGA-C5-A8ZZ-01,Tumor,TCGA,5.781,7.572,11.65,9.706,11.99,5.781,0.4897283519696865,1
TCGA-DS-A7WF-01,Tumor,TCGA,6.076,9.216,4.164,10.45,10.69,6.076,0.18673608996114305,1
TCGA-EX-A69L-01,Tumor,TCGA,5.104,6.535,10.72,8.702,11.86,5.104,0.18573638870882014,1
TCGA-VS-A8EB-01,Tumor,TCGA,4.672,6.156,13.13,8.928,13.43,4.672,0.45316056324189247,1
TCGA-XS-A8TJ-01,Tumor,TCGA,5.193,6.174,12.7,8.829,8.27,5.193,-0.022556656677678227,1
TCGA-C5-A1ME-01,Tumor,TCGA,5.679,8.915,2.607,11.54,9.6,5.679,0.09195554430986103,1
TCGA-EA-A3Y4-01,Tumor,TCGA,4.666,6.087,8.324,11.57,14.18,4.666,0.5224434817096918,1
TCGA-EA-A5ZD-01,Tumor,TCGA,5.215,4.887,12.77,5.453,10.81,5.215,-0.3451139398537017,1
TCGA-EK-A2RM-01,Tumor,TCGA,5.614,9.038,1.328,10.23,9.475,5.614,-0.1388875550521228,1
TCGA-HM-A3JJ-01,Tumor,TCGA,5.263,6.596,11.94,9.319,12.11,5.263,0.36248452802357956,1
TCGA-IR-A3LC-01,Tumor,TCGA,6.584,8.224,12.53,7.191,14.52,6.584,0.536398753450594,1
TCGA-JX-A3Q8-01,Tumor,TCGA,6.416,8.805,2.718,10.47,8.955,6.416,-0.0947043472036605,1
TCGA-LP-A5U3-01,Tumor,TCGA,5.701,6.164,13.44,8.873,11.55,5.701,0.30675718963736537,1
TCGA-VS-A94X-01,Tumor,TCGA,5.209,8.07,12.59,10.39,13.8,5.209,0.8389807928384034,1
TCGA-C5-A8XH-01,Tumor,TCGA,5.2,7.184,13.56,9.384,12.53,5.2,0.5727139400125951,1
TCGA-EA-A5O9-01,Tumor,TCGA,5.655,6.351,11.68,8.588,10.96,5.655,0.13459165883671065,1
TCGA-VS-A94W-01,Tumor,TCGA,5.793,5.441,13.31,8.557,11.25,5.793,0.15450363155938984,1
TCGA-VS-A9UM-01,Tumor,TCGA,5.197,4.788,13.09,6.041,10.35,5.197,-0.30615457863003376,1
TCGA-C5-A2LT-01,Tumor,TCGA,4.873,3.754,11.57,10.6,13.54,4.873,0.29265790711701556,1
TCGA-EA-A556-01,Tumor,TCGA,5.87,9.208,4.044,9.796,4.881,5.87,-0.393397289529665,1
TCGA-EA-A97N-01,Tumor,TCGA,5.332,6.188,13.44,9.921,11.28,5.332,0.4101335246423703,1
TCGA-EX-A1H6-01,Tumor,TCGA,5.434,8.908,8.468,10.45,9.339,5.434,0.3044367602006328,1
TCGA-FU-A40J-01,Tumor,TCGA,5.809,8.606,7.847,9.218,10.14,5.809,0.15470252809297244,1
TCGA-HG-A2PA-01,Tumor,TCGA,5.495,7.161,11.33,8.653,11.78,5.495,0.2814708211206996,1
TCGA-VS-A8EI-01,Tumor,TCGA,4.878,6.084,11.84,7.319,12.4,4.878,0.08735612257249645,1
TCGA-VS-A8EL-01,Tumor,TCGA,6.606,2.551,12.37,4.818,10.61,6.606,-0.724749593784665,1
TCGA-VS-A94Z-01,Tumor,TCGA,5.513,4.905,13.23,7.495,10.74,5.513,-0.07951329818333316,1
TCGA-ZJ-A8QR-01,Tumor,TCGA,4.498,4.83,12.16,8.504,12.41,4.498,0.10682971574599989,1
TCGA-C5-A1M7-01,Tumor,TCGA,5.426,5.475,12.05,7.109,12.5,5.426,0.015617230689894374,1
TCGA-C5-A2LS-01,Tumor,TCGA,5.144,9.081,3.186,10.56,8.94,5.144,-0.025233980361493463,1
TCGA-C5-A2M1-01,Tumor,TCGA,5.863,8.646,3.414,10.67,7.387,5.863,-0.1792615377074411,1
TCGA-C5-A905-01,Tumor,TCGA,5.034,7.04,11.93,7.677,11.98,5.034,0.20699165648672604,1
TCGA-IR-A3L7-01,Tumor,TCGA,5.558,7.772,11.37,9.48,9.023,5.558,0.21554308173906483,1
TCGA-JW-A5VL-01,Tumor,TCGA,6.342,1.585,13.13,4.304,10.9,6.342,-0.8221812436435957,1
TCGA-JX-A5QV-01,Tumor,TCGA,4.663,2.628,12.04,6.433,12.09,4.663,-0.42000145220842444,1
TCGA-Q1-A73O-01,Tumor,TCGA,6.09,3.387,13.5,7.554,13.02,6.09,-0.032439626134076416,1
TCGA-C5-A1BK-01,Tumor,TCGA,6.211,5.904,12.77,8.347,12.48,6.211,0.2529967525337707,1
TCGA-C5-A2LV-01,Tumor,TCGA,5.669,5.626,12.74,10.64,14.25,5.669,0.6411375258626703,1
TCGA-C5-A8YT-01,Tumor,TCGA,5.687,7.749,3.445,8.136,3.524,5.687,-0.9061869790037986,1
TCGA-EK-A2PL-01,Tumor,TCGA,4.171,6.797,11.9,9.271,13.56,4.171,0.5004100678126229,1
TCGA-Q1-A6DV-01,Tumor,TCGA,5.721,9.374,7.357,11.66,11.62,5.721,0.6248428544027671,1
TCGA-VS-A8EG-01,Tumor,TCGA,5.434,6.706,13.19,10.14,10.59,5.434,0.41997554171814594,1
TCGA-C5-A1MQ-01,Tumor,TCGA,5.96,4.423,6.025,11.19,9.651,5.96,-0.2380605870618711,1
TCGA-C5-A7CM-01,Tumor,TCGA,5.87,8.647,0.8647,11.13,9.634,5.87,-0.09192281013933204,1
TCGA-C5-A7X8-01,Tumor,TCGA,5.754,8.134,6.397,10.6,8.991,5.754,0.07676268806276708,1
TCGA-C5-A902-01,Tumor,TCGA,6.176,7.432,8.911,9.081,14.17,6.176,0.4156820757222471,1
TCGA-EA-A3HS-01,Tumor,TCGA,5.072,5.072,13.15,3.605,11.07,5.072,-0.49662037268797027,1
TCGA-FU-A3YQ-01,Tumor,TCGA,4.521,3.939,12.86,4.767,9.351,4.521,-0.6513582074356017,1
TCGA-JW-A5VG-01,Tumor,TCGA,5.74,4.947,11.97,10.63,13.57,5.74,0.45782800801779566,1
TCGA-LP-A4AU-01,Tumor,TCGA,6.563,7.014,12.65,9.29,12.54,6.563,0.4868129235374252,1
TCGA-ZJ-AAXD-01,Tumor,TCGA,5.116,6.256,12.71,8.988,12.18,5.116,0.33896849539025564,1
TCGA-C5-A1BJ-01,Tumor,TCGA,5.434,6.618,12.78,8.208,12.61,5.434,0.3286176536268639,1
TCGA-C5-A1MP-01,Tumor,TCGA,4.966,4.315,12.44,4.924,7.437,4.966,-0.7795871674389939,1
TCGA-DS-A7WH-01,Tumor,TCGA,4.841,9.229,0.1776,11.97,12.43,4.841,0.26805835802370787,1
TCGA-HM-A6W2-01,Tumor,TCGA,6.452,7.339,2.864,8.048,3.894,6.452,-0.9672915606285827,1
TCGA-RA-A741-01,Tumor,TCGA,5.476,6.22,10.4,10.14,9.961,5.476,0.1384112227408371,1
TCGA-ZJ-AAXN-01,Tumor,TCGA,4.895,6.04,11.41,9.875,13.62,4.895,0.4611793388871447,1
TCGA-EK-A2RC-01,Tumor,TCGA,5.751,5.716,13.38,8.804,10.11,5.751,0.12187423687023854,1
TCGA-EK-A3GK-01,Tumor,TCGA,5.933,8.007,9.382,11.27,11.17,5.933,0.5125069846714765,1
TCGA-FU-A770-01,Tumor,TCGA,5.926,8.357,5.045,10.71,12.09,5.926,0.29470369227208126,1
TCGA-MA-AA41-01,Tumor,TCGA,5.592,2.694,13.3,6.87,10.9,5.592,-0.38405434705637087,1
TCGA-Q1-A73S-01,Tumor,TCGA,4.979,8.688,3.851,12.29,10.09,4.979,0.273920326603532,1
TCGA-C5-A1BL-01,Tumor,TCGA,5.963,5.789,13.07,8.63,9.197,5.963,0.01255959458253915,1
TCGA-EK-A2RL-01,Tumor,TCGA,5.609,9.147,8.418,10.89,11.42,5.609,0.5573273202469496,1
TCGA-EX-A3L1-01,Tumor,TCGA,5.709,6.182,12.11,10.72,14.17,5.709,0.667183712043226,1
TCGA-FU-A5XV-01,Tumor,TCGA,5.021,6.441,12.64,8.364,13.08,5.021,0.3584318999495437,1
TCGA-Q1-A5R1-01,Tumor,TCGA,6.083,10.25,7.438,10.55,9.661,6.083,0.4306550685264072,1
TCGA-VS-A9UC-01,Tumor,TCGA,5.344,6.967,12.79,10.01,10.09,5.344,0.3665785957153592,1
TCGA-VS-A9UQ-01,Tumor,TCGA,5.789,9.38,7.081,11.54,10.14,5.789,0.4681972094516528,1
TCGA-4J-AA1J-01,Tumor,TCGA,5.801,6.907,12.23,8.574,12.38,5.801,0.3505699293028619,1
TCGA-C5-A1BI-01,Tumor,TCGA,4.77,4.9,12.28,4.049,9.52,4.77,-0.6496025872287977,1
TCGA-EA-A44S-01,Tumor,TCGA,5.431,3.631,12.76,3.636,7.921,5.431,-0.9474402861759366,1
TCGA-C5-A2LY-01,Tumor,TCGA,5.849,3.797,12.93,6.571,13.29,5.849,-0.11472709944654172,1
TCGA-C5-A8XK-01,Tumor,TCGA,5.443,6.818,11.21,9.649,13.31,5.443,0.4832250070211659,1
TCGA-LP-A5U2-01,Tumor,TCGA,7.295,7.983,11.21,9.562,8.105,7.295,0.1608562406690597,1
TCGA-VS-A9U7-01,Tumor,TCGA,5.939,4.976,12.63,6.843,12.66,5.939,-0.02225867656606087,1
TCGA-FU-A2QG-01,Tumor,TCGA,5.501,5.839,11.97,9.026,12.17,5.501,0.24971165850211854,1
TCGA-VS-A9UY-01,Tumor,TCGA,5.096,4.721,13.7,7.625,11.15,5.096,-0.020767286489784313,1
TCGA-VS-A9V2-01,Tumor,TCGA,5.611,5.379,12.31,4.622,7.793,5.611,-0.673276275973404,1
TCGA-EK-A2IP-01,Tumor,TCGA,5.093,6.128,11.25,7.224,13.12,5.093,0.1057471419693124,1
TCGA-FU-A23K-01,Tumor,TCGA,7.24,7.311,4.744,10.83,8.358,7.24,-0.1452824719291921,1
TCGA-MY-A913-01,Tumor,TCGA,5.471,6.57,12.32,10.81,13.38,5.471,0.667240015388053,1
TCGA-GH-A9DA-01,Tumor,TCGA,6.114,4.342,13.5,11.81,14.33,6.114,0.6887607555983803,1
TCGA-MU-A51Y-01,Tumor,TCGA,5.767,5.569,12.95,9.143,9.911,5.767,0.10168004991395412,1
TCGA-C5-A1BN-01,Tumor,TCGA,5.077,7.254,12.87,10.09,12.91,5.077,0.6533874509751185,1
TCGA-C5-A7XC-01,Tumor,TCGA,4.668,6.617,11.85,7.966,11.11,4.668,0.11445586320710402,1
TCGA-EK-A2RE-01,Tumor,TCGA,4.729,5.133,13.6,6.749,14.36,4.729,0.1893204244934166,1
TCGA-VS-A8Q8-01,Tumor,TCGA,4.23,4.8,12.68,6.818,13.67,4.23,0.04409171674055079,1
TCGA-DG-A2KH-01,Tumor,TCGA,5.773,9.348,-0.7834,10.2,6.198,5.773,-0.5177383792179365,1
TCGA-DS-A0VL-01,Tumor,TCGA,5.304,5.688,12.29,8.903,11.41,5.304,0.1733782526995894,1
TCGA-JX-A3PZ-01,Tumor,TCGA,5.947,4.936,10.31,10.67,14.09,5.947,0.4024587092193457,1
TCGA-ZJ-AB0I-01,Tumor,TCGA,4.387,6.278,13.74,8.007,13.87,4.387,0.4335676557332331,1
TCGA-C5-A3HF-01,Tumor,TCGA,5.545,8.609,8.707,10.1,9.264,5.545,0.23795747816431168,1
TCGA-EK-A2H0-01,Tumor,TCGA,5.953,5.875,11.95,6.93,14.4,5.953,0.19506199453095663,1
TCGA-ZJ-A8QQ-01,Tumor,TCGA,6.147,5.525,12.84,7.744,14.67,6.147,0.33001599668606707,1
TCGA-C5-A0TN-01,Tumor,TCGA,5.345,5.963,10.85,10.91,13.83,5.345,0.5577376691782673,1
TCGA-UC-A7PD-01,Tumor,TCGA,6.51,5.434,13.13,8.82,13.96,6.51,0.40431005954912536,1
TCGA-EK-A2H1-01,Tumor,TCGA,5.447,6.679,11.02,10.54,12.51,5.447,0.49280546160116295,1
GTEX-S341-1326-SM-4AD72,Normal,GTEx,5.388,6.791,7.887,8.537,6.639,5.388,-0.42547067086365914,0
GTEX-T6MO-1426-SM-4DM73,Normal,GTEx,4.944,5.902,7.69,7.279,6.856,4.944,-0.6677006487413962,0
GTEX-S32W-1626-SM-4AD6G,Normal,GTEx,5.21,-0.4521,1.177,5.03,0.2881,5.21,-2.611832449098931,0
GTEX-TSE9-2726-SM-4DXSQ,Normal,GTEx,5.166,-1.552,1.872,3.437,-1.056,5.166,-2.994825593699845,0
GTEX-S4UY-1426-SM-4AD6Y,Normal,GTEx,5.501,-1.392,1.406,4.609,-1.938,5.501,-2.942574264561642,0
GTEX-S341-1126-SM-4AD6T,Normal,GTEx,5.236,-2.114,1.233,3.966,0.8568,5.236,-2.8724671803547697,0
GTEX-U3ZN-1626-SM-4DXTZ,Normal,GTEx,4.28,2.362,11.86,5.797,9.652,4.28,-0.743743364971971,0
GTEX-TSE9-2826-SM-4DXTF,Normal,GTEx,5.406,-1.392,1.098,3.113,0.0718,5.406,-2.9671144528302964,0
GTEX-T5JW-0726-SM-4DM6D,Normal,GTEx,4.852,1.642,12.36,4.904,6.547,4.852,-1.1634383783694129,0
GTEX-S32W-1526-SM-4AD6Z,Normal,GTEx,5.361,-1.994,0.9419,4.067,-0.3383,5.361,-2.96688866403868,0
TCGA-MY-A5BF-11,Normal,TCGA,5.272,6.644,5.471,7.997,7.986,5.272,-0.5411337048002762,0
TCGA-FU-A3EO-11,Normal,TCGA,5.285,2.563,1.202,4.967,0.517,5.285,-2.2589912735201776,0
TCGA-HM-A3JJ-11,Normal,TCGA,4.824,-3.171,1.919,5.096,2.275,4.824,-2.694680528725515,0
