sample,sub,n,LONP1,CLPP,HSPD1,HSPE1,HSPA9,TRAP1,DNAJA3,PHB2,PMPCB,AFG3L2,YME1L1,SPG7,ATF4,ATF5,DDIT3,TFAM,NRF1,PPARGC1A,POLRMT,FIS1,MFF,DNM1L,MIEF1,MIEF2,MFN1,MFN2,OPA1,PINK1,PRKN,THOP1,TIMM13,NDUFA11,SHMT2,MTHFD2,fission,fusion,proteostasis
GSM6360680_N_HPV_NEG_1,0,319,0.14407861,0.5002864,1.7074243,1.7729752,0.7693335,0.3883687,0.19345129,1.076602,0.33205676,0.43780077,0.5729483,0.20417032,0.6512861,0.1839927,0.23974068,0.5618359,0.03715863,0.001803706,0.10558734,0.9978546,0.42825434,0.30942607,0.13059516,0.027640037,0.16929968,0.21140595,0.19395162,0.15983671,0.0028462983,0.14379855,1.2346324,1.2680274,0.41249126,0.21762979,0.7130545,0.19155242,1.0276777
GSM6360680_N_HPV_NEG_1,1,1011,0.10523706,0.34554228,1.0860599,1.2051684,0.57642615,0.2685465,0.13579774,0.74498135,0.23952863,0.31342432,0.5023756,0.17519498,0.52464145,0.12306313,0.17873983,0.3177968,0.023096057,0.00031586774,0.073155224,0.95412034,0.31514597,0.23973663,0.08513406,0.03479855,0.17492633,0.1393273,0.1744404,0.24273106,0.005825573,0.0640937,1.0234231,1.1084847,0.21365981,0.108926564,0.6346332,0.162898,0.69634867
GSM6360680_N_HPV_NEG_1,2,241,0.13745835,0.40391606,1.2812521,1.5225152,0.61568666,0.21436916,0.12257908,0.87112945,0.2912826,0.3331695,0.53280866,0.21557872,0.6432783,0.18002912,0.36963648,0.48153505,0.0358068,0.08439882,0.103005275,1.0601124,0.42103356,0.27217358,0.11547106,0.054453745,0.17052214,0.16400678,0.19206457,0.28896958,0.0052399123,0.073823266,0.96764344,1.3243266,0.20302875,0.10806144,0.740573,0.17553116,0.8075478
GSM6360680_N_HPV_NEG_1,3,70,0.11879933,0.50139135,1.3361702,1.6529707,0.62444264,0.2838183,0.14142649,0.9430367,0.2947535,0.2723393,0.405958,0.1735494,0.45637965,0.1823455,0.2840196,0.29101044,0.004846273,0.016527299,0.07320561,1.1942095,0.41863957,0.16724217,0.06534092,0.021381075,0.17560771,0.10228408,0.122830704,0.37181935,0.010075616,0.05769589,1.210681,1.2846451,0.31088465,0.12463354,0.8064245,0.13357416,0.8797586
GSM6360680_N_HPV_NEG_1,4,89,0.08475749,0.2723808,1.1412433,1.4040037,0.5496901,0.2078313,0.11212926,0.69023204,0.32045397,0.33823562,0.5347516,0.2684175,0.6221095,0.14689298,0.38748208,0.2745211,0.046596956,0.0042504882,0.07496369,0.81466085,0.39365506,0.20102178,0.11545318,0.03322496,0.20236926,0.16685477,0.18985407,0.12027396,0.012410337,0.09641205,0.7552792,0.9971148,0.21110678,0.15095747,0.6041579,0.18635939,0.71502984
GSM6360680_N_HPV_NEG_1,5,55,0.1698709,0.15194996,0.5082624,0.76361763,0.1986456,0.0,0.10852565,0.24472818,0.11501839,0.09357743,0.26818728,0.02867764,0.3409501,0.094192296,0.0,0.24991187,0.0,0.05373978,0.0,0.43373132,0.3294445,0.051778667,0.0,0.0,0.15893717,0.0,0.10079425,0.18176875,0.0,0.0,0.35152486,0.5821346,0.0,0.18752158,0.38158792,0.08657714,0.3244951
GSM6360680_N_HPV_NEG_1,8,455,0.23447822,0.36979786,1.1169147,1.5013695,0.6742579,0.20886183,0.121187225,0.6284305,0.28820193,0.2940297,0.5961414,0.23223309,0.7067098,0.23381016,0.4197213,0.39465168,0.031750567,0.13918196,0.09332402,1.052054,0.33310664,0.27353764,0.09543817,0.0663384,0.17774905,0.12604752,0.2022891,0.37209526,0.008716542,0.06565361,0.75428146,1.0322903,0.13202,0.28361273,0.69258034,0.16869523,0.7742404
GSM6360680_N_HPV_NEG_1,10,174,0.07932669,0.12466572,0.67367184,0.6642518,0.38061857,0.057026025,0.054157812,0.14351438,0.06106035,0.13105007,0.38777804,0.29913023,0.26159644,0.061412323,0.15524139,0.100002505,0.02626576,0.033987243,0.048194498,0.11730061,0.17573148,0.19989061,0.025513118,0.02546678,0.13761437,0.099283405,0.0867635,0.06819434,0.037180256,0.06864977,0.12033921,0.14891106,0.037561845,0.046091147,0.14651604,0.10788709,0.3800468
GSM6360680_N_HPV_NEG_1,13,421,0.10167451,0.31424233,1.513104,1.5092452,0.6139733,0.17514367,0.11857132,0.90031374,0.39766756,0.3092682,0.48512003,0.18760125,0.7971262,0.1854461,0.43061706,0.5303613,0.027239267,0.001360774,0.06356443,0.8476285,0.38310748,0.26902452,0.096680105,0.04531255,0.12122356,0.12305527,0.17235868,0.11194854,0.0014400225,0.07210014,0.8888269,1.0852438,0.2852457,0.038627464,0.61536795,0.13887918,0.8251417
GSM6360680_N_HPV_NEG_1,14,149,0.076851614,0.34551102,1.2085094,1.5058396,0.51054883,0.1669774,0.11937839,0.66007143,0.21876515,0.26208827,0.52640265,0.15598638,0.40228373,0.12755951,0.29945952,0.3097482,0.009636763,0.0,0.026645442,1.1266909,0.3368455,0.18290938,0.06494316,0.035345413,0.1665748,0.08914523,0.16465364,0.18788153,0.0036126387,0.04274735,1.132553,1.2113063,0.17696722,0.09365082,0.73176813,0.14012456,0.7474773
GSM6360681_N_HPV_NEG_2,1,380,0.06151724,0.29299945,0.81955373,1.2151699,0.464043,0.26009828,0.13193463,0.58228385,0.1924023,0.32734555,0.4196887,0.21581748,0.34338322,0.068097435,0.0914206,0.30392674,0.024515687,0.0010486126,0.046357878,0.880411,0.2529075,0.22079553,0.0681361,0.02137083,0.14999026,0.18045223,0.16948913,0.18290214,0.005811184,0.052331906,0.9668921,1.1290715,0.14484632,0.077788375,0.5666593,0.16664387,0.6103729
GSM6360681_N_HPV_NEG_2,2,182,0.08496753,0.29329026,1.0873429,1.5573204,0.5375322,0.20019284,0.123475954,0.60861164,0.22317146,0.43971995,0.5307664,0.26876488,0.4882966,0.117163986,0.20837909,0.60554194,0.092439994,0.20507723,0.06502894,1.0162457,0.27254558,0.31509608,0.105812594,0.034423057,0.17718367,0.20629436,0.22819553,0.16035984,0.023772983,0.068550296,0.7220707,1.3714318,0.16547506,0.049590614,0.6443956,0.20389119,0.7351357
GSM6360681_N_HPV_NEG_2,10,201,0.06048917,0.042441867,0.36389115,0.37044632,0.31366625,0.09248499,0.07626154,0.20339882,0.12747209,0.23313618,0.3346495,0.66904277,0.34975004,0.051013757,0.080198705,0.1391966,0.052310307,0.061902743,0.01663847,0.22921586,0.14047724,0.28974724,0.0613116,0.026076531,0.19437025,0.11497286,0.08515923,0.0683213,0.026261237,0.07207318,0.079503626,0.24604,0.017034777,0.037128795,0.18484655,0.13150078,0.23658612
GSM6360681_N_HPV_NEG_2,11,1175,0.17205857,0.34965312,1.0462465,1.5153579,0.65268683,0.21203825,0.15527068,0.67059934,0.3138831,0.38695288,0.56031114,0.33289737,0.5582791,0.1267197,0.22328936,0.54012173,0.055481464,0.14906892,0.10853184,1.1035781,0.25929737,0.2943718,0.10686519,0.069724336,0.20032328,0.15369609,0.21808082,0.23599096,0.013864246,0.05088925,0.6670336,1.4353821,0.12664267,0.0997925,0.68143773,0.19070005,0.7551965
GSM6360681_N_HPV_NEG_2,13,50,0.09284918,0.31628007,0.9543202,1.431319,0.6299296,0.2456372,0.11521143,0.5522185,0.33877414,0.3430619,0.5386021,0.26103726,0.5504211,0.060397007,0.26403508,0.54173833,0.06489906,0.0,0.04624195,0.6407844,0.28028396,0.23859972,0.089819126,0.05260369,0.16817619,0.1078665,0.11943472,0.075795434,0.025892947,0.0,0.5638065,1.0809965,0.26022276,0.021884184,0.4605342,0.1318258,0.7154972
GSM6360681_N_HPV_NEG_2,17,80,0.21307495,0.26372758,0.8993391,1.2242273,0.30004272,0.11142515,0.10991081,0.5730897,0.21514356,0.11490671,0.3099931,0.17402622,0.36448184,0.042855047,0.05996872,0.29976422,0.09438506,0.0283088,0.067734554,0.84776574,0.19112223,0.12803629,0.04686179,0.058303595,0.15972829,0.107042074,0.15842575,0.16261546,0.0,0.03455922,0.4435783,0.9777404,0.04933684,0.062575914,0.519444,0.14173204,0.55975235
GSM6360682_N_1,0,158,0.16115852,0.46795475,1.8648053,1.8527274,0.88158494,0.43347916,0.17045674,0.9081505,0.3860195,0.5144953,0.74937344,0.28137517,0.78819937,0.20343493,0.36190167,0.5976427,0.04485733,0.002045267,0.11222471,0.83027464,0.28714377,0.35854194,0.12608021,0.039372634,0.14757657,0.21807833,0.22590034,0.18038122,0.0012330784,0.19792989,1.075143,1.0723238,0.4444517,0.24266632,0.5587092,0.19718508,1.1001103
GSM6360682_N_1,1,107,0.18491317,0.3854133,1.4879653,1.5761127,0.777653,0.37566558,0.18170251,0.8184375,0.37545592,0.46382663,0.64315826,0.2241854,0.617282,0.10849859,0.29668075,0.48863038,0.04828235,0.0,0.079333685,0.8562695,0.2602761,0.37079197,0.13767257,0.067017086,0.13510337,0.18441615,0.16954847,0.2804327,0.008153807,0.117396064,1.1063845,1.0139966,0.27043483,0.13419046,0.55827284,0.16302265,0.92056197
GSM6360682_N_1,2,177,0.13717829,0.3443769,1.3752896,1.575327,0.79521096,0.18906938,0.11122863,0.70482343,0.3555155,0.39114672,0.7115004,0.220879,0.83486724,0.20558484,0.47967044,0.5409102,0.024435695,0.12672089,0.064799726,0.95971173,0.2080672,0.34156275,0.09089932,0.07024908,0.15286984,0.13138013,0.14511149,0.24988021,0.019316921,0.09241089,0.60345626,1.0908966,0.13809204,0.095913224,0.5838895,0.14312048,0.8558548
GSM6360682_N_1,4,56,0.07364488,0.33254924,1.5911772,1.7235689,0.68717825,0.23422454,0.1403997,0.5924779,0.2037519,0.33132058,0.57458675,0.27569637,0.61097443,0.09224241,0.5222985,0.36169055,0.06988696,0.055199765,0.07099847,0.6676716,0.27883568,0.3383256,0.12184079,0.00885846,0.16523251,0.14966619,0.14937706,0.13644728,0.0,0.07675503,0.6611299,0.8385008,0.25929818,0.1079169,0.47325367,0.15475859,0.9137396
GSM6360682_N_1,5,217,0.05222475,0.12268001,0.47857705,0.90537584,0.27319068,0.07082518,0.028305348,0.2801218,0.106379665,0.09861389,0.17114784,0.023754722,0.42854556,0.021881217,0.08978933,0.1088287,0.0081013385,0.019015603,0.01869791,0.53583515,0.12035964,0.11095916,0.006867769,0.0,0.06336,0.037887998,0.027642298,0.19596012,0.0,0.038835395,0.36421534,0.5862369,0.064729996,0.117648214,0.3280974,0.042963427,0.37012973
GSM6360682_N_1,8,953,0.19755791,0.33110216,1.1745379,1.5553344,0.74034506,0.2013924,0.12784918,0.58955854,0.28170127,0.33895683,0.5853863,0.22864752,0.8153127,0.2216773,0.55933744,0.42607793,0.045898084,0.10717948,0.1021344,0.9658169,0.22033906,0.2831373,0.09853225,0.07437572,0.15380068,0.12393585,0.19764642,0.31836924,0.019561766,0.06244943,0.56427705,1.0243143,0.11374666,0.24029307,0.59307796,0.15846099,0.8005424
GSM6360682_N_1,10,138,0.062466007,0.10438083,1.0775999,0.70239204,0.43077305,0.06274842,0.039447695,0.15918092,0.105331376,0.11274837,0.441986,0.25543776,0.37479892,0.03870712,0.28758645,0.08016541,0.0377999,0.010723292,0.029921632,0.09513898,0.145812,0.24673006,0.07321064,0.010746131,0.12561844,0.07749919,0.09676745,0.053143945,0.014036583,0.0654855,0.050045192,0.21166413,0.035453245,0.086662695,0.12047549,0.09996169,0.47557887
GSM6360682_N_1,13,305,0.085566096,0.2620679,1.5298024,1.516197,0.7021849,0.17334223,0.11293282,0.6593624,0.34419635,0.36401016,0.53583014,0.26956916,0.8942726,0.1265897,0.59211993,0.51120734,0.04466176,0.0023053933,0.067282915,0.62957335,0.23807101,0.34729534,0.09452719,0.06828284,0.11537472,0.15703219,0.14580703,0.113701254,0.0078396965,0.09215147,0.5406396,0.8038744,0.21813579,0.08050722,0.43382218,0.13940465,0.8367189
GSM6360682_N_1,17,72,0.20882064,0.32723343,1.4736803,1.9331256,0.7143844,0.20682019,0.10008153,0.38167986,0.22469719,0.28399384,0.49206808,0.2599164,0.5240321,0.1531239,0.36967778,0.37988505,0.0892399,0.05835287,0.10744609,1.0172077,0.22623184,0.23025554,0.05079823,0.10725375,0.23363715,0.10007904,0.19926247,0.23453143,0.020534262,0.13322648,0.55861115,1.0342124,0.057640545,0.2277128,0.62171984,0.17765956,0.9310487
GSM6360682_N_1,18,92,0.16580208,0.32958415,1.2903378,1.6177217,0.77857417,0.24446233,0.13608347,0.6225095,0.3678267,0.2975174,0.72403735,0.29957077,0.8819104,0.17731515,0.54004174,0.42366925,0.047230393,0.12172179,0.1139052,0.847951,0.22294454,0.27623123,0.13558196,0.039273832,0.14523143,0.10311388,0.17244092,0.3036669,0.0070278407,0.0906856,0.50216156,0.87450564,0.10256036,0.25417563,0.5354477,0.14026208,0.852136
GSM6360683_N_2,0,131,0.14481537,0.41033962,1.5248535,1.7034541,0.86578,0.46255812,0.19224201,0.88980806,0.32855046,0.550056,0.5888252,0.23384887,0.6079298,0.13688481,0.1580399,0.5250657,0.050897002,0.008961621,0.0966292,0.7894531,0.37647256,0.3598699,0.110042885,0.030430688,0.14205095,0.27275154,0.2891401,0.13325912,0.0045149075,0.18398559,0.89711434,1.1482301,0.3516009,0.34754452,0.5829629,0.23464754,0.993397
GSM6360683_N_2,1,240,0.16376995,0.34264582,1.2321709,1.4789399,0.75582194,0.3814656,0.17031519,0.7643839,0.23947887,0.52050614,0.46988124,0.25250474,0.5655564,0.09866999,0.1222205,0.41022232,0.04006742,0.0,0.099144734,0.7810843,0.3002614,0.3141669,0.13112597,0.037428,0.17856263,0.27055562,0.250907,0.20216192,0.008646362,0.09213345,0.9038312,1.1271911,0.22985767,0.16028085,0.5406729,0.23334174,0.83820885
GSM6360683_N_2,4,607,0.13420035,0.3356042,1.2300398,1.5939114,0.714514,0.24709892,0.11783361,0.70408577,0.23708601,0.36119622,0.555904,0.24983102,0.5536341,0.18157618,0.20911999,0.35955426,0.032476347,0.017508315,0.09725219,0.7838725,0.26775005,0.25478923,0.084904686,0.02064555,0.14080277,0.15439725,0.12832093,0.15086515,0.0034194617,0.10444919,0.7568822,1.074292,0.18320906,0.19791748,0.5258113,0.14117365,0.8242337
GSM6360683_N_2,5,250,0.12113904,0.18102881,0.56967324,0.9452633,0.34904402,0.11399,0.06561991,0.41454408,0.09380765,0.16976814,0.3328923,0.116911426,0.32452273,0.10895441,0.17279592,0.17357601,0.0028195782,0.0047775577,0.028407421,0.85518605,0.23539527,0.18422838,0.06000542,0.003704787,0.14986622,0.063778594,0.051136963,0.1920982,0.0,0.028420921,0.38729876,0.86065376,0.055230603,0.08892057,0.54529065,0.0882606,0.43179986
GSM6360683_N_2,8,128,0.21731284,0.2436827,0.99355906,1.3095981,0.76637805,0.21852385,0.13344413,0.5298926,0.22380558,0.3751563,0.6782179,0.3552095,0.8628573,0.30143043,0.22439688,0.3577966,0.046697587,0.14414765,0.120634496,0.6897634,0.30563352,0.3117031,0.10264094,0.026409505,0.17782947,0.17201956,0.24072918,0.21147048,0.020793695,0.08077287,0.355089,0.80332327,0.095222436,0.25851235,0.49769846,0.1968594,0.70634836
GSM6360683_N_2,13,238,0.098933965,0.28950343,1.3992597,1.5684658,0.70507187,0.21225725,0.15396906,0.85123384,0.29217458,0.39948663,0.48179793,0.19733979,0.7614417,0.09727446,0.2315384,0.50465894,0.041864388,0.0,0.09178035,0.7886805,0.27581683,0.33486298,0.11827605,0.07242515,0.15013151,0.13191241,0.15289252,0.172615,0.013338942,0.06297345,0.6797242,1.1867387,0.18422817,0.052227918,0.5322487,0.14497882,0.8349116
GSM6360683_N_2,17,107,0.122910015,0.20419072,0.9420193,1.2319729,0.53190166,0.10851931,0.11603876,0.21459986,0.1504005,0.14605431,0.42522427,0.24217379,0.47473404,0.1252459,0.09333886,0.2172883,0.08900704,0.02235037,0.060986836,0.55764335,0.22172955,0.18889728,0.02202682,0.09057331,0.19275329,0.07174306,0.12866655,0.12265289,0.010473292,0.11004413,0.19370316,0.5622062,0.007719944,0.18030801,0.38968644,0.1310543,0.6037208
GSM6360683_N_2,18,90,0.17343247,0.41036564,0.8588205,1.4836465,0.6674907,0.21537395,0.108162984,0.5457944,0.29802075,0.2251612,0.5572428,0.21527691,0.6437291,0.3054843,0.26314744,0.40760946,0.035275407,0.102287315,0.08205064,0.8554715,0.28623912,0.17520319,0.06550249,0.03020703,0.08303345,0.10700942,0.18825357,0.21786167,0.009110987,0.052228678,0.53278583,1.0935413,0.13989472,0.19431967,0.57085526,0.12609881,0.7271395
GSM6360684_HSIL_1,5,168,0.07948481,0.18588392,0.5753183,1.0056174,0.24713153,0.08038011,0.078321,0.45551032,0.10029906,0.25525147,0.23903215,0.03680534,0.33255684,0.061420083,0.08759125,0.19144267,0.018009951,0.020836014,0.043497626,0.6570981,0.15683155,0.12057266,0.048959646,0.023119124,0.07638852,0.008043869,0.031086802,0.04939713,0.0,0.018068055,0.3865336,0.809303,0.024743222,0.06852559,0.40696484,0.0385064,0.41886622
GSM6360684_HSIL_1,7,193,0.1449399,0.25393778,0.87706244,1.1135482,0.63780606,0.28059825,0.13564672,0.5978988,0.3768095,0.3761246,0.5911356,0.4795622,0.5954016,0.13727322,0.24134281,0.43910614,0.085343525,0.09142006,0.10221832,0.69921786,0.28483206,0.35226527,0.117743015,0.07716841,0.21981782,0.14817612,0.24459837,0.23805572,0.026930887,0.062172133,0.49211642,1.0205314,0.110737294,0.12416321,0.49202496,0.20419744,0.63259053
GSM6360684_HSIL_1,17,107,0.23687468,0.16646314,1.2182356,1.2408235,0.55006,0.3323097,0.16537067,0.37395382,0.2636671,0.28605103,0.4330076,0.3557105,0.3156135,0.052323848,0.0773396,0.44244695,0.09477944,0.14067174,0.043068893,0.8691768,0.23801073,0.21152858,0.07271323,0.11010437,0.17877789,0.10697502,0.23342623,0.26413178,0.023641938,0.12311386,0.34625685,0.96291,0.0787015,0.08162146,0.55359375,0.17305972,0.7015784
GSM6360685_HSIL_2,6,2668,0.22176744,0.41742918,1.1527408,1.4748658,0.70153666,0.3880653,0.21466628,0.52695817,0.30005932,0.5189316,0.64085037,0.4304471,0.38849846,0.1404682,0.10128329,0.71442384,0.049631774,0.012776973,0.09418266,0.9067432,0.30080172,0.27295464,0.12936157,0.04732347,0.2571646,0.16047867,0.29185253,0.13873099,0.015346409,0.11216578,0.9047693,1.3526384,0.2643509,0.19588709,0.60377246,0.23649861,0.82692754
GSM6360685_HSIL_2,7,437,0.15833102,0.27317128,0.77579314,1.049387,0.46768045,0.21935171,0.13271546,0.56564826,0.25033757,0.35861036,0.4634948,0.2989382,0.31301174,0.08128243,0.13348547,0.511428,0.045137312,0.11104895,0.11131256,0.9464189,0.21708627,0.20067064,0.0924983,0.057944804,0.17853947,0.106430754,0.22785959,0.17304401,0.023332626,0.06843755,0.63963383,1.1353667,0.09834001,0.1081627,0.5817526,0.17094328,0.5570767
GSM6360685_HSIL_2,8,147,0.14053321,0.44117022,0.83947444,1.347343,0.5435978,0.25424492,0.17601308,0.5802586,0.2254054,0.38882726,0.55802387,0.3421724,0.38637137,0.24666741,0.18613507,0.4693287,0.06888049,0.1333556,0.12643303,1.0234989,0.26708448,0.2777151,0.07198514,0.070751145,0.22198756,0.1186187,0.22321369,0.24412715,0.020682253,0.035748456,0.6461212,1.2556489,0.1533643,0.23773894,0.64529175,0.18793997,0.68516606
GSM6360685_HSIL_2,17,56,0.3274834,0.28863993,0.80843383,0.9635367,0.30328757,0.27235237,0.124911614,0.32794234,0.26945388,0.23520009,0.42382756,0.42459092,0.22609794,0.1522498,0.11685916,0.24157548,0.23789231,0.039358072,0.06391772,1.1387564,0.18732214,0.23232879,0.08003443,0.07515811,0.23580757,0.09364068,0.19286586,0.03904209,0.011968092,0.114908054,0.6061369,1.1104599,0.085842155,0.0,0.66303927,0.1741047,0.52725005
GSM6360685_HSIL_2,23,336,0.24798615,0.46269938,1.0155615,1.4111946,0.69005966,0.2899689,0.17961875,0.6365694,0.3906943,0.5398495,0.7038604,0.48208347,0.46209517,0.20312592,0.14292489,0.73823273,0.07653403,0.016395316,0.10845135,0.8681289,0.34388247,0.3622117,0.13253932,0.028960833,0.26348555,0.19545576,0.3643286,0.1578529,0.008676264,0.15035538,0.8045717,1.4447829,0.3004118,0.232101,0.60600567,0.2744233,0.7738968
GSM6360686_SCC_4,12,648,0.10921113,0.24488081,0.8451329,1.1170754,0.33288243,0.13587475,0.11992871,0.24947251,0.16858508,0.18795343,0.4627835,0.19495918,0.26814792,0.17902866,0.06109718,0.16957453,0.031603277,0.0,0.037811972,0.5252496,0.17545658,0.18036425,0.06808539,0.043243863,0.18864672,0.17540848,0.1777182,0.22296663,0.0023171336,0.08843695,0.5399507,0.89389414,0.09117553,0.21877432,0.35035306,0.18059114,0.53516924
GSM6360687_SCC_5,9,125,0.1730193,0.2883933,1.2489995,1.3860897,0.8017588,0.2380075,0.14945887,0.44347513,0.33075494,0.417996,0.8160731,0.34299165,0.8323295,0.20366101,0.28192273,0.50604737,0.07240196,0.041075017,0.08426114,0.8647267,0.2684828,0.41496402,0.110846035,0.07499576,0.22689618,0.16558793,0.31607455,0.28607556,0.014325848,0.057600237,0.6109972,0.95200884,0.08351556,0.22484729,0.5666048,0.23618622,0.7926498
GSM6360687_SCC_5,10,60,0.08250959,0.05560344,0.44551432,0.2958884,0.25676602,0.053532697,0.0,0.04824867,0.026282758,0.11620342,0.1860843,0.38323033,0.3204036,0.041895263,0.060097955,0.037232246,0.0,0.0,0.0,0.021956814,0.041486163,0.14151599,0.06410691,0.0,0.3500656,0.23169152,0.13871017,0.0,0.0,0.09273162,0.058630757,0.05759867,0.0,0.07045733,0.031721488,0.24015576,0.22146098
GSM6360687_SCC_5,16,238,0.12678942,0.22471334,1.247817,1.4070966,0.83536667,0.2321844,0.2517447,0.36846724,0.26900184,0.45816785,0.9176462,0.45416975,1.1011096,0.4087555,0.26802364,0.5216917,0.04020493,0.0,0.10427435,0.41144124,0.36671075,0.37528795,0.16811623,0.042558853,0.9377704,0.3626276,0.39618087,0.17305799,0.0018053863,0.03203642,0.52780926,0.7939733,0.14229466,0.47717103,0.389076,0.5655263,0.7894356
GSM6360687_SCC_5,19,1815,0.13186674,0.24458499,1.3036652,1.5016112,0.7681923,0.24256729,0.24932027,0.45707235,0.25833333,0.4069466,0.8119091,0.4608321,0.87141716,0.33642372,0.27662027,0.5127776,0.060134884,0.0017060948,0.06679013,0.34853542,0.32549176,0.35524163,0.18053591,0.043094393,0.83519113,0.4453778,0.38958043,0.15220855,0.0005012548,0.08661651,0.5560799,0.8774092,0.22863013,0.35536015,0.3370136,0.55671644,0.8121242
GSM6360687_SCC_5,20,116,0.10301119,0.39102957,1.6532232,1.763315,0.9279846,0.31223357,0.28783327,0.5646119,0.35179746,0.4846968,1.0171669,0.53119797,0.91784644,0.24697754,0.3969031,0.65144473,0.08332732,0.0037636166,0.071344264,0.46512228,0.34191057,0.41219398,0.18203662,0.056681234,0.7482974,0.42346585,0.3658572,0.14944392,0.0,0.086427614,0.6137141,0.8871259,0.2007435,0.44232896,0.4035164,0.51254016,1.0095571
GSM6360687_SCC_5,22,658,0.07957442,0.055988926,0.40770468,0.5526539,0.4313336,0.032637935,0.07394648,0.11137863,0.13399251,0.12299748,0.79719865,0.32044134,0.793725,0.15629691,0.2937034,0.09777676,0.05130648,0.0,0.024575071,0.13676406,0.13908209,0.14641973,0.06315673,0.14769189,0.75036436,0.23725316,0.24720998,0.3039739,0.0,0.04235258,0.13966823,0.4719953,0.052919433,0.2371408,0.13792308,0.41160917,0.2960638
GSM6360688_ADC_6,0,262,0.13303001,0.38305432,1.6233945,1.7171082,0.8362967,0.3972592,0.18037017,0.84080535,0.33263594,0.42545775,0.6019043,0.2822256,0.706427,0.14361309,0.15787539,0.44036046,0.06196347,0.0009690083,0.0837832,0.8588029,0.35101417,0.32639197,0.12481193,0.035525627,0.19215451,0.20791222,0.33729166,0.14077008,0.003184329,0.17435497,0.9387348,1.0878949,0.31746936,0.23801796,0.6049085,0.24578613,0.9914226
GSM6360688_ADC_6,1,631,0.12317891,0.31131533,1.1589491,1.3577791,0.6995437,0.33509576,0.16776364,0.66607434,0.25331685,0.37913054,0.4730008,0.29546317,0.59233946,0.081827454,0.12291174,0.35982442,0.04667297,0.0,0.07364172,0.881129,0.29650488,0.2841276,0.10423011,0.04204505,0.196877,0.2027869,0.22966379,0.24521826,0.011649063,0.08038576,1.0085781,1.0108178,0.15202282,0.11888592,0.588817,0.2097759,0.77253664
GSM6360688_ADC_6,4,189,0.15704177,0.34019923,1.3246802,1.4957885,0.73041964,0.23876517,0.12447764,0.6689694,0.25538987,0.32022935,0.6052726,0.34167376,0.65516514,0.09680142,0.33483344,0.3778656,0.052941717,0.0031183772,0.07351731,0.740051,0.30121794,0.3614648,0.07783592,0.020691201,0.1666074,0.15715219,0.20102565,0.13473131,0.026023585,0.09479941,0.7008728,0.9180023,0.14350991,0.15094675,0.5206345,0.17492841,0.82597053
GSM6360688_ADC_6,8,112,0.16045575,0.26563767,0.9008549,1.2855507,0.7625769,0.22728634,0.13659209,0.46243924,0.25785086,0.3297661,0.6089322,0.35823792,0.6673997,0.19641821,0.37974492,0.41090056,0.06144653,0.1651659,0.053673234,0.8312828,0.25861147,0.30093932,0.099681094,0.049189348,0.1277249,0.12665573,0.25192463,0.2062361,0.018005336,0.07684402,0.42703015,0.87762815,0.106115006,0.29872563,0.54494715,0.16876842,0.6883813
GSM6360688_ADC_6,10,187,0.080421045,0.010890032,0.42191273,0.351388,0.27946487,0.1336641,0.094882414,0.084070444,0.03496875,0.12860018,0.17485097,0.41321906,0.3104134,0.026506942,0.11830852,0.050965395,0.052152526,0.0,0.035802424,0.072746895,0.10133166,0.17060572,0.06406041,0.033896066,0.07272135,0.12529229,0.051102612,0.023024993,0.01856455,0.061062284,0.055130694,0.123299174,0.040389072,0.053541407,0.08703928,0.08303875,0.23946396
GSM6360688_ADC_6,13,610,0.08780414,0.25632718,1.2077618,1.327752,0.59881806,0.16557752,0.123815015,0.6307689,0.30776832,0.2733714,0.42175668,0.2545281,0.7313807,0.109284975,0.3653519,0.4387991,0.028982019,0.0,0.040413,0.73401153,0.28825915,0.2378993,0.079068534,0.07402528,0.12602855,0.1356164,0.1501076,0.15995352,0.015600062,0.07565407,0.571603,0.9867838,0.14231227,0.03400334,0.51113534,0.13725086,0.7112473
GSM6360688_ADC_6,14,69,0.08605209,0.24020399,1.1405126,1.310212,0.52319574,0.12758048,0.10307622,0.5070637,0.09920021,0.21378154,0.46565685,0.3291941,0.5715348,0.04864596,0.35588533,0.29774565,0.13517947,0.0,0.058630902,0.6370673,0.18398154,0.21388456,0.04945581,0.013637736,0.16392583,0.105175756,0.14190082,0.1602212,0.0,0.121219054,0.6222691,0.819782,0.11131569,0.07805013,0.41052443,0.1370008,0.6683409
GSM6360688_ADC_6,19,130,0.15318125,0.44143614,1.7382435,2.0465703,0.982441,0.3864811,0.19265006,0.6379812,0.27607763,0.4489055,0.67412746,0.3783962,0.75498277,0.19248429,0.44591078,0.43604147,0.052450035,0.031884406,0.095738515,0.72623485,0.18523432,0.379277,0.17121051,0.049225062,0.24427962,0.37279665,0.41528973,0.25297183,0.0,0.14967479,0.8194154,0.8558207,0.27884197,0.18330099,0.4557346,0.344122,1.1190344
GSM6360688_ADC_6,22,289,0.050225914,0.11152721,0.25430956,0.5345579,0.20317061,0.028016025,0.047521688,0.13411725,0.0965277,0.035743617,0.41439518,0.20932023,0.50234616,0.06908826,0.31006655,0.07009403,0.06641461,0.0,0.03537789,0.24708605,0.0896548,0.11677716,0.0268446,0.32923445,0.2831247,0.18979046,0.27673283,0.43786263,0.002385359,0.24555951,0.15938659,0.62437606,0.036068093,0.06661096,0.16837041,0.24988268,0.22631624
