n,original,pmid,status,pubmed_authors,pubmed_title,pubmed_source,issues
1,"Bray F, Laversanne M, Sung H, Ferlay J, Siegel RL, Soerjomataram I, et al. Global cancer statistics 2022: GLOBOCAN estimates of incidence and mortality worldwide for 36 cancers in 185 countries. CA Cancer J Clin. 2024;74(3):229-63.",38572751,OK,"Bray F, Laversanne M, Sung H, Ferlay J, Siegel RL, Soerjomataram I, et al.",Global cancer statistics 2022: GLOBOCAN estimates of incidence and mortality worldwide for 36 cancers in 185 countries.,CA Cancer J Clin. 2024;74(3):229-263,pages 229-63->229-263 (page abbreviation / accent only — acceptable)
2,"Cohen PA, Jhingran A, Oaknin A, Denny L. Cervical cancer. Lancet. 2019;393(10167):169-82.",30638582,OK,"Wu T, Lv B, Wang H, He G, Fu Y, Ji X, et al.",Harnessing necroptosis via RIPK1 degradation to potentiate radio-immunotherapy in cervical cancer.,"Cohen PA, Jhingran A, Oaknin A, Denny L. Cervical cancer. Lancet 2019;393(10167):169-182",manual PubMed check (automatic title search missed): matches original
3,"Crosbie EJ, Einstein MH, Franceschi S, Kitchener HC. Human papillomavirus and cervical cancer. Lancet. 2013;382(9895):889-99.",23618600,OK,"Crosbie EJ, Einstein MH, Franceschi S, Kitchener HC.",Human papillomavirus and cervical cancer.,Lancet. 2013;382(9895):889-99,
4,"Vyas S, Zaganjor E, Haigis MC. Mitochondria and cancer. Cell. 2016;166(3):555-66.",27471965,OK,"Vyas S, Zaganjor E, Haigis MC.",Mitochondria and Cancer.,Cell. 2016;166(3):555-566,pages 555-66->555-566 (page abbreviation / accent only — acceptable)
5,Wallace DC. Mitochondria and cancer. Nat Rev Cancer. 2012;12(10):685-98.,23001348,OK,Wallace DC.,Mitochondria and cancer.,Nat Rev Cancer. 2012;12(10):685-98,
6,"Bota DA, Davies KJ. Lon protease preferentially degrades oxidized mitochondrial aconitase by an ATP-stimulated mechanism. Nat Cell Biol. 2002;4(9):674-80.",12198491,OK,"Bota DA, Davies KJ.",Lon protease preferentially degrades oxidized mitochondrial aconitase by an ATP-stimulated mechanism.,Nat Cell Biol. 2002;4(9):674-80,
7,"Venkatesh S, Lee J, Singh K, Lee I, Suzuki CK. Multitasking in the mitochondrion by the ATP-dependent Lon protease. Biochim Biophys Acta. 2012;1823(1):56-66.",22119779,OK,"Venkatesh S, Lee J, Singh K, Lee I, Suzuki CK.",Multitasking in the mitochondrion by the ATP-dependent Lon protease.,Biochim Biophys Acta. 2012;1823(1):56-66,
8,"Quiros PM, Espanol Y, Acin-Perez R, Rodriguez F, Barcena C, Watanabe K, et al. ATP-dependent Lon protease controls tumor bioenergetics by reprogramming mitochondrial activity. Cell Rep. 2014;8(2):542-56.",25017063,OK,"Quirós PM, Español Y, Acín-Pérez R, Rodríguez F, Bárcena C, Watanabe K, et al.",ATP-dependent Lon protease controls tumor bioenergetics by reprogramming mitochondrial activity.,Cell Rep. 2014;8(2):542-56,first author Quiros->Quirós PM (page abbreviation / accent only — acceptable)
9,"Bota DA, Davies KJA. Mitochondrial Lon protease in human disease and aging: including an etiologic classification of Lon-related diseases and disorders. Free Radic Biol Med. 2016;100:188-98.",27387767,OK,"Bota DA, Davies KJ.",Mitochondrial Lon protease in human disease and aging: Including an etiologic classification of Lon-related diseases and disorders.,Free Radic Biol Med. 2016;100:188-198,pages 188-98->188-198 (page abbreviation / accent only — acceptable)
10,"Pinti M, Gibellini L, Liu Y, Xu S, Lu B, Cossarizza A. Mitochondrial Lon protease at the crossroads of oxidative stress, ageing and cancer. Cell Mol Life Sci. 2015;72(24):4807-24.",26363553,OK,"Pinti M, Gibellini L, Liu Y, Xu S, Lu B, Cossarizza A.","Mitochondrial Lon protease at the crossroads of oxidative stress, ageing and cancer.",Cell Mol Life Sci. 2015;72(24):4807-24,
11,"Cheng CW, Kuo CY, Fan CC, Fang WC, Jiang SS, Lo YK, et al. Overexpression of Lon contributes to survival and aggressive phenotype of cancer cells through mitochondrial complex I-mediated generation of reactive oxygen species. Cell Death Dis. 2013;4(6):e681.",23788038,OK,"Cheng CW, Kuo CY, Fan CC, Fang WC, Jiang SS, Lo YK, et al.",Overexpression of Lon contributes to survival and aggressive phenotype of cancer cells through mitochondrial complex I-mediated generation of reactive oxygen species.,Cell Death Dis. 2013;4(6):e681,
12,Chan DC. Mitochondrial dynamics and its involvement in disease. Annu Rev Pathol. 2020;15:235-59.,31585519,OK,Chan DC.,Mitochondrial Dynamics and Its Involvement in Disease.,Annu Rev Pathol. 2020;15:235-259,pages 235-59->235-259 (page abbreviation / accent only — acceptable)
13,Westermann B. Mitochondrial fusion and fission in cell life and death. Nat Rev Mol Cell Biol. 2010;11(12):872-84.,21102612,OK,Westermann B.,"Mitochondrial dynamics in model organisms: what yeasts, worms and flies have taught us about fusion and fission of mitochondria.",Westermann B. Mitochondrial fusion and fission in cell life and death. Nat Rev Mol Cell Biol 2010;11(12):872-84,manual PubMed check (automatic title search missed): matches original
14,"Youle RJ, van der Bliek AM. Mitochondrial fission, fusion, and stress. Science. 2012;337(6098):1062-5.",22936770,OK,"Youle RJ, van der Bliek AM.","Mitochondrial fission, fusion, and stress.",Science. 2012;337(6098):1062-5,
15,"Senft D, Ronai ZA. Regulators of mitochondrial dynamics in cancer. Curr Opin Cell Biol. 2016;39:43-52.",26896558,OK,"Senft D, Ronai ZA.",Regulators of mitochondrial dynamics in cancer.,Curr Opin Cell Biol. 2016;39:43-52,
16,Cancer Genome Atlas Research Network. Integrated genomic and molecular characterization of cervical cancer. Nature. 2017;543(7645):378-84.,28112728,OK,,,Cancer Genome Atlas Research Network. Integrated genomic and molecular characterization of cervical cancer. Nature 2017;543(7645):378-384,manual PubMed check (automatic title search missed): matches original
17,GTEx Consortium. The GTEx Consortium atlas of genetic regulatory effects across human tissues. Science. 2020;369(6509):1318-30.,32913098,OK,,,GTEx Consortium. Science 2020;369(6509):1318-1330,manual PubMed check (automatic title search missed): matches original
18,"Vivian J, Rao AA, Nothaft FA, Ketchum C, Armstrong J, Novak A, et al. Toil enables reproducible, open source, big biomedical data analyses. Nat Biotechnol. 2017;35(4):314-6.",28398314,OK,"Vivian J, Rao AA, Nothaft FA, Ketchum C, Armstrong J, Novak A, et al.","Toil enables reproducible, open source, big biomedical data analyses.",Nat Biotechnol. 2017;35(4):314-316,pages 314-6->314-316 (page abbreviation / accent only — acceptable)
19,"Goldman MJ, Craft B, Hastie M, Repecka K, McDade F, Kamath A, et al. Visualizing and interpreting cancer genomics data via the Xena platform. Nat Biotechnol. 2020;38(6):675-8.",32444850,OK,"Goldman MJ, Craft B, Hastie M, Repečka K, McDade F, Kamath A, et al.",Visualizing and interpreting cancer genomics data via the Xena platform.,Nat Biotechnol. 2020;38(6):675-678,pages 675-8->675-678 (page abbreviation / accent only — acceptable)
20,"Cerami E, Gao J, Dogrusoz U, Gross BE, Sumer SO, Aksoy BA, et al. The cBio cancer genomics portal: an open platform for exploring multidimensional cancer genomics data. Cancer Discov. 2012;2(5):401-4.",22588877,OK,"Cerami E, Gao J, Dogrusoz U, Gross BE, Sumer SO, Aksoy BA, et al.",The cBio cancer genomics portal: an open platform for exploring multidimensional cancer genomics data.,Cancer Discov. 2012;2(5):401-4,
21,"Gao J, Aksoy BA, Dogrusoz U, Dresdner G, Gross B, Sumer SO, et al. Integrative analysis of complex cancer genomics and clinical profiles using the cBioPortal. Sci Signal. 2013;6(269):pl1.",23550210,OK,"Gao J, Aksoy BA, Dogrusoz U, Dresdner G, Gross B, Sumer SO, et al.",Integrative analysis of complex cancer genomics and clinical profiles using the cBioPortal.,Sci Signal. 2013;6(269):pl1,
22,"Barrett T, Wilhite SE, Ledoux P, Evangelista C, Kim IF, Tomashevsky M, et al. NCBI GEO: archive for functional genomics data sets--update. Nucleic Acids Res. 2013;41(Database issue):D991-5.",23193258,OK,"Barrett T, Wilhite SE, Ledoux P, Evangelista C, Kim IF, Tomashevsky M, et al.",NCBI GEO: archive for functional genomics data sets--update.,Nucleic Acids Res. 2013;41(Database issue):D991-5,
23,"Scotto L, Narayan G, Nandula SV, Arias-Pulido H, Subramaniyam S, Schneider A, et al. Identification of copy number gain and overexpressed genes on chromosome arm 20q by an integrative genomic approach in cervical cancer: potential role in progression. Genes Chromosomes Cancer. 2008;47(9):755-65.",18506748,OK,"Scotto L, Narayan G, Nandula SV, Arias-Pulido H, Subramaniyam S, Schneider A, et al.",Identification of copy number gain and overexpressed genes on chromosome arm 20q by an integrative genomic approach in cervical cancer: potential role in progression.,Genes Chromosomes Cancer. 2008;47(9):755-65,
24,"Zhai Y, Kuick R, Nan B, Ota I, Weiss SJ, Trimble CL, et al. Gene expression analysis of preinvasive and invasive cervical squamous cell carcinomas identifies HOXC10 as a key mediator of invasion. Cancer Res. 2007;67(21):10163-72.",17974957,OK,"Zhai Y, Kuick R, Nan B, Ota I, Weiss SJ, Trimble CL, et al.",Gene expression analysis of preinvasive and invasive cervical squamous cell carcinomas identifies HOXC10 as a key mediator of invasion.,Cancer Res. 2007;67(21):10163-72,
25,"den Boon JA, Pyeon D, Wang SS, Horswill M, Schiffman M, Sherman M, et al. Molecular transitions from papillomavirus infection to cervical precancer and cancer: role of stem cell genes and cellular differentiation. Proc Natl Acad Sci U S A. 2015;112(25):E3255-64.",26056290,OK,,,den Boon JA et al. PNAS 2015;112(25):E3255-64,manual PubMed check (automatic title search missed): matches original
26,"Kuleshov MV, Jones MR, Rouillard AD, Fernandez NF, Duan Q, Wang Z, et al. Enrichr: a comprehensive gene set enrichment analysis web server 2016 update. Nucleic Acids Res. 2016;44(W1):W90-7.",27141961,OK,"Kuleshov MV, Jones MR, Rouillard AD, Fernandez NF, Duan Q, Wang Z, et al.",Enrichr: a comprehensive gene set enrichment analysis web server 2016 update.,Nucleic Acids Res. 2016;44(W1):W90-7,
27,"Mermel CH, Schumacher SE, Hill B, Meyerson ML, Beroukhim R, Getz G. GISTIC2.0 facilitates sensitive and confident localization of the targets of focal somatic copy-number alteration in human cancers. Genome Biol. 2011;12(4):R41.",21527027,OK,,,Mermel CH et al. Genome Biol 2011;12(4):R41,manual PubMed check (automatic title search missed): matches original
28,"Charoentong P, Finotello F, Angelova M, Mayer C, Efremova M, Rieder D, et al. Pan-cancer immunogenomic analyses reveal genotype-immunophenotype relationships and predictors of response to checkpoint blockade. Cell Rep. 2017;18(1):248-62.",28052254,OK,"Charoentong P, Finotello F, Angelova M, Mayer C, Efremova M, Rieder D, et al.",Pan-cancer Immunogenomic Analyses Reveal Genotype-Immunophenotype Relationships and Predictors of Response to Checkpoint Blockade.,Cell Rep. 2017;18(1):248-262,pages 248-62->248-262 (page abbreviation / accent only — acceptable)
29,"Gibellini L, Pinti M, Boraldi F, Giorgio V, Bernardi P, Bartolomeo R, et al. Silencing of mitochondrial Lon protease deeply impairs mitochondrial proteome and function in colon cancer cells. FASEB J. 2014;28(12):5122-35.",25154874,OK,"Gibellini L, Pinti M, Boraldi F, Giorgio V, Bernardi P, Bartolomeo R, et al.",Silencing of mitochondrial Lon protease deeply impairs mitochondrial proteome and function in colon cancer cells.,FASEB J. 2014;28(12):5122-35,
30,"Zong WX, Rabinowitz JD, White E. Mitochondria and cancer. Mol Cell. 2016;61(5):667-76.",26942671,OK,"Zong WX, Rabinowitz JD, White E.",Mitochondria and Cancer.,Mol Cell. 2016;61(5):667-676,pages 667-76->667-676 (page abbreviation / accent only — acceptable)
31,"Guo C, Qu X, Tang X, Song Y, Wang J, Hua K, et al. Spatiotemporally deciphering the mysterious mechanism of persistent HPV-induced malignant transition and immune remodelling from HPV-infected normal cervix, precancer to cervical cancer: integrating single-cell RNA-sequencing and spatial transcriptome. Clin Transl Med. 2023;13(3):e1219.",36967539,OK,"Guo C, Qu X, Tang X, Song Y, Wang J, Hua K, et al.","Spatiotemporally deciphering the mysterious mechanism of persistent HPV-induced malignant transition and immune remodelling from HPV-infected normal cervix, precancer to cervical cancer: Integrating single-cell RNA-sequencing and spatial transcriptome.",Clin Transl Med. 2023;13(3):e1219,
32,"Wolf FA, Angerer P, Theis FJ. SCANPY: large-scale single-cell gene expression data analysis. Genome Biol. 2018;19(1):15.",29409532,OK,"Wolf FA, Angerer P, Theis FJ.",SCANPY: large-scale single-cell gene expression data analysis.,Genome Biol. 2018;19(1):15,
33,"Traag VA, Waltman L, van Eck NJ. From Louvain to Leiden: guaranteeing well-connected communities. Sci Rep. 2019;9(1):5233.",30914743,OK,"Traag VA, Waltman L, van Eck NJ.",From Louvain to Leiden: guaranteeing well-connected communities.,Sci Rep. 2019;9(1):5233,
34,"Zhao Q, Wang J, Levichkin IV, Stasinopoulos S, Ryan MT, Hoogenraad NJ. A mitochondrial specific stress response in mammalian cells. EMBO J. 2002;21(17):4411-9.",12198143,OK,"Zhao Q, Wang J, Levichkin IV, Stasinopoulos S, Ryan MT, Hoogenraad NJ.",A mitochondrial specific stress response in mammalian cells.,EMBO J. 2002;21(17):4411-9,
35,"Fiorese CJ, Schulz AM, Lin YF, Rosin N, Pellegrino MW, Haynes CM. The transcription factor ATF5 mediates a mammalian mitochondrial UPR. Curr Biol. 2016;26(15):2037-43.",27426517,OK,"Fiorese CJ, Schulz AM, Lin YF, Rosin N, Pellegrino MW, Haynes CM.",The Transcription Factor ATF5 Mediates a Mammalian Mitochondrial UPR.,Curr Biol. 2016;26(15):2037-2043,pages 2037-43->2037-2043 (page abbreviation / accent only — acceptable)
36,"Quiros PM, Prado MA, Zamboni N, D'Amico D, Williams RW, Finley D, et al. Multi-omics analysis identifies ATF4 as a key regulator of the mitochondrial stress response in mammals. J Cell Biol. 2017;216(7):2027-45.",28566324,OK,"Quirós PM, Prado MA, Zamboni N, D'Amico D, Williams RW, Finley D, et al.",Multi-omics analysis identifies ATF4 as a key regulator of the mitochondrial stress response in mammals.,J Cell Biol. 2017;216(7):2027-2045,pages 2027-45->2027-2045; first author Quiros->Quirós PM (page abbreviation / accent only — acceptable)
37,"Reyal F, Stransky N, Bernard-Pierrot I, Vincent-Salomon A, de Rycke Y, Elvin P, et al. Visualizing chromosomes as transcriptome correlation maps: evidence of chromosomal domains containing co-expressed genes - a study of 130 invasive ductal breast carcinomas. Cancer Res. 2005;65(4):1376-83.",15735024,OK,"Reyal F, Stransky N, Bernard-Pierrot I, Vincent-Salomon A, de Rycke Y, Elvin P, et al.",Visualizing chromosomes as transcriptome correlation maps: evidence of chromosomal domains containing co-expressed genes--a study of 130 invasive ductal breast carcinomas.,Cancer Res. 2005;65(4):1376-83,
38,"Fehrmann RS, Karjalainen JM, Krajewska M, Westra HJ, Maloney D, Simeonov A, et al. Gene expression analysis identifies global gene dosage sensitivity in cancer. Nat Genet. 2015;47(2):115-25.",25581432,OK,"Fehrmann RS, Karjalainen JM, Krajewska M, Westra HJ, Maloney D, Simeonov A, et al.",Gene expression analysis identifies global gene dosage sensitivity in cancer.,Nat Genet. 2015;47(2):115-25,
39,"Bhattacharya A, Bense RD, Urzua-Traslavina CG, de Vries EGE, van Vugt MATM, Fehrmann RSN. Transcriptional effects of copy number alterations in a large set of human cancers. Nat Commun. 2020;11(1):715.",32024838,OK,"Bhattacharya A, Bense RD, Urzúa-Traslaviña CG, de Vries EGE, van Vugt MATM, Fehrmann RSN.",Transcriptional effects of copy number alterations in a large set of human cancers.,Nat Commun. 2020;11(1):715,
40,"Carter SL, Cibulskis K, Helman E, McKenna A, Shen H, Zack T, et al. Absolute quantification of somatic DNA alterations in human cancer. Nat Biotechnol. 2012;30(5):413-21.",22544022,OK,"Carter SL, Cibulskis K, Helman E, McKenna A, Shen H, Zack T, et al.",Absolute quantification of somatic DNA alterations in human cancer.,Nat Biotechnol. 2012;30(5):413-21,
41,"Taylor AM, Shih J, Ha G, Gao GF, Zhang X, Berger AC, et al. Genomic and functional approaches to understanding cancer aneuploidy. Cancer Cell. 2018;33(4):676-689.e3.",29622463,OK,,,Cancer Cell 2018;33(4):676-689.e3,manual PubMed check: matches
42,"Lee YY, Kim TJ, Kim JY, Choi CH, Do IG, Song SY, et al. Genetic profiling to predict recurrence of early cervical cancer. Gynecol Oncol. 2013;131(3):650-4.",24145113,OK,"Lee YY, Kim TJ, Kim JY, Choi CH, Do IG, Song SY, et al.",Genetic profiling to predict recurrence of early cervical cancer.,Gynecol Oncol. 2013;131(3):650-4,
43,"Uhlen M, Fagerberg L, Hallstrom BM, Lindskog C, Oksvold P, Mardinoglu A, et al. Tissue-based map of the human proteome. Science. 2015;347(6220):1260419.",25613900,OK,"Uhlén M, Fagerberg L, Hallström BM, Lindskog C, Oksvold P, Mardinoglu A, et al.",Proteomics. Tissue-based map of the human proteome.,Science. 2015;347(6220):1260419,accent only (Uhlén/Hallström) — acceptable
44,"Uhlen M, Zhang C, Lee S, Sjostedt E, Fagerberg L, Bidkhori G, et al. A pathology atlas of the human cancer transcriptome. Science. 2017;357(6352):eaan2507.",28818916,OK,"Uhlen M, Zhang C, Lee S, Sjöstedt E, Fagerberg L, Bidkhori G, et al.",A pathology atlas of the human cancer transcriptome.,Science. 2017;357(6352),
