sample,LONP1_log2,M1_sig,DC_sig,CD4_sig,purity,ploidy,log2CNA,gistic,epi_score
TCGA-2W-A8YY-01,12.129134875473554,-1.0888292185594715,-0.10351937699560716,-0.2445795366854126,0.62,1.97,-0.047,0.0,-0.1205598783630085
TCGA-4J-AA1J-01,10.846461974490985,0.2185275812353357,0.14254289314003973,-0.37493754294691645,0.85,1.93,-0.081,0.0,0.3505699293028619
TCGA-BI-A0VR-01,10.853543486983932,0.6338031696873899,0.44013883333759635,0.9200146994949225,0.32,2.21,0.01,0.0,0.1380186590743172
TCGA-BI-A0VS-01,10.79766152585376,0.008062933780219014,0.39129017606996647,0.9595194796738793,0.49,3.62,0.058,0.0,-0.1371768981319331
TCGA-BI-A20A-01,10.747530064180982,0.7159266560114719,0.7651829697693179,0.641230768716617,0.46,3.76,-0.307,-1.0,0.3918510946715449
TCGA-C5-A0TN-01,10.655360773866574,-0.06496751322472605,-0.9099851784531943,0.38136567109300284,0.89,1.81,-0.213,-1.0,0.5577376691782673
TCGA-C5-A1BE-01,11.415931861993826,-0.057221875657830455,-0.46121147871837564,0.27182441344934355,0.61,1.96,0.423,2.0,0.3527185105349139
TCGA-C5-A1BF-01,10.854198293683568,0.02581307000362428,0.4656345365032231,0.7553702876140049,0.75,1.96,-0.709,-1.0,-0.049227596445569
TCGA-C5-A1BI-01,10.355340083443535,0.5816251471645029,0.44857639909127106,0.7279558560790638,0.2,1.81,-0.044,0.0,-0.6496025872287977
TCGA-C5-A1BJ-01,10.656585749664307,0.42990568271581275,0.39026230752203855,0.993496123038651,0.4,1.95,-0.072,0.0,0.3286176536268639
TCGA-C5-A1BK-01,11.507467618684904,0.02281011760433671,0.7650708853331475,1.0117168900080182,0.46,1.99,0.33,1.0,0.2529967525337707
TCGA-C5-A1BL-01,11.19934721110535,-0.1525284129502319,0.05781629101015736,0.6427022828334583,0.62,2.07,-0.069,0.0,0.0125595945825391
TCGA-C5-A1BM-01,10.799524479032955,0.3778165424227906,0.9951176628206496,1.041538060875244,0.67,2.04,-0.075,0.0,-0.128878751670315
TCGA-C5-A1BN-01,10.476604458516261,-0.5493262629567953,-1.1626844643952998,-0.8093247965478376,0.79,1.98,-0.158,-1.0,0.6533874509751185
TCGA-C5-A1BQ-01,11.789578473780791,-0.2877443595281195,0.11882645800787543,0.09239766460311447,0.71,2.01,-0.003,0.0,0.1904070290713637
TCGA-C5-A1M5-01,10.795203609688457,0.0648174816293161,0.2588177168225197,0.7971998644590077,0.79,2.03,-0.009,0.0,0.0428807858726852
TCGA-C5-A1M6-01,11.352782796881309,-0.33429270669929645,-1.039911005590673,-2.2199643456763374,0.73,2.69,-0.344,-1.0,-0.0383375564750195
TCGA-C5-A1M7-01,10.793611437115898,-0.6069812807759573,0.370789159048668,0.7384072428105496,0.39,2.34,-0.027,0.0,0.0156172306898943
TCGA-C5-A1M8-01,11.275711316511117,-0.43004972765660576,-0.2911974415462706,-1.3175458048480149,0.96,1.77,-0.305,-1.0,0.1134727685478039
TCGA-C5-A1M9-01,11.282271829865582,0.368392344934795,-0.4413701632193063,-0.9351816135985638,0.81,3.59,-0.253,-1.0,0.3349566211004053
TCGA-C5-A1ME-01,11.010584050319595,0.3350660085351141,0.10817204537074172,-0.04915067023649407,0.73,2.94,-0.463,-1.0,0.091955544309861
TCGA-C5-A1MF-01,11.066095919430143,0.040763993024335,-0.4570217017770913,-0.8421869580685319,0.78,2.27,-0.821,-1.0,0.3102118989336712
TCGA-C5-A1MH-01,11.483609231415906,0.017341824940904037,0.6895583824272751,0.9232861853290407,0.29,2.6,0.113,1.0,-0.0323492814819674
TCGA-C5-A1MI-01,10.539653198479856,-0.6071465579887572,0.2116899389326945,0.9633415182903247,0.67,2.75,-0.487,-1.0,0.1770255594980168
TCGA-C5-A1MJ-01,11.744472277705732,-0.3730228645133,0.6820111004777166,0.5729752492176348,0.57,3.99,-0.245,-1.0,-0.7135578239987235
TCGA-C5-A1MK-01,10.994523155703932,0.5417959308717274,-0.08667660715502319,0.38705670598057335,0.45,2.16,-0.043,0.0,0.2001516558149272
TCGA-C5-A1ML-01,10.442394089258457,0.391162056050217,0.6260082949032468,0.37421823566380447,0.79,3.82,-0.362,-1.0,0.6594111805491261
TCGA-C5-A1MN-01,9.644561134719067,-0.36008024414786766,-0.3964306187367152,-0.08893707074563695,0.64,3.59,-0.7,-1.0,0.3792280325933566
TCGA-C5-A1MP-01,10.44163701671252,0.5150011741172937,1.515034393494478,1.5826425763271412,0.57,2.35,-0.002,0.0,-0.7795871674389939
TCGA-C5-A2LS-01,10.414061518529575,0.1978304512426611,-0.18331669175355045,-1.1675781560751952,0.71,2.09,-0.002,0.0,-0.0252339803614934
TCGA-C5-A2LT-01,10.529127927372494,0.5409276248584778,-0.3511164010734545,0.5072220868114654,0.44,3.82,0.076,0.0,0.2926579071170155
TCGA-C5-A2LV-01,11.464520224718163,-0.8235267199807863,0.30814517196368907,0.749105933635189,0.76,2.78,-0.036,0.0,0.6411375258626703
TCGA-C5-A2LX-01,11.424622964961452,0.4115677211383197,-0.05860062160026258,0.9361759328828246,0.61,2.77,0.021,0.0,0.3234469976250892
TCGA-C5-A2LY-01,11.209684860617408,-0.893686327424157,0.650166283388847,-0.1290190917650742,0.63,2.25,-0.087,0.0,-0.1147270994465417
TCGA-C5-A2LZ-01,10.599606050959139,0.047558216297907095,-0.12178720532716651,-0.2913097388843803,0.68,2.27,-0.044,0.0,-0.0752005513641463
TCGA-C5-A2M1-01,11.267758158964071,-1.151326324643392,0.16616101112472956,0.5084922726279311,0.71,1.92,-0.013,0.0,-0.1792615377074411
TCGA-C5-A2M2-01,10.834684357139361,0.5404640321015092,-1.8304271119820401,-1.268023718929753,0.92,2.09,-0.03,0.0,0.1380799185153417
TCGA-C5-A3HD-01,10.84800473365525,0.11184180480784645,-1.4667838687791264,-0.8416908517633463,0.91,1.91,-0.22,-1.0,0.5176302909462047
TCGA-C5-A3HE-01,11.307627747257134,-0.30072456805890385,0.08762993971314154,0.08480304180999945,0.39,3.81,-0.444,-1.0,0.3052051834497775
TCGA-C5-A3HF-01,10.997186539115273,0.14363269351042607,0.0655980616150621,0.5660165218535446,0.42,2.07,0.001,0.0,0.2379574781643116
TCGA-C5-A3HL-01,10.664447284547972,0.7689969368306456,-0.481459584102747,-0.047801051997043764,0.66,2.07,0.012,0.0,0.4021824421179776
TCGA-C5-A7CG-01,11.150737362445991,0.5303230841126851,0.6722927529443652,1.6456833130528978,0.45,4.03,0.16,1.0,-0.0332422152065302
TCGA-C5-A7CH-01,11.285136313061358,-0.4424572397662645,0.22630822293325606,-0.5954206421532917,0.67,3.76,0.141,1.0,0.2100974934696071
TCGA-C5-A7CJ-01,10.014494779488784,0.7964752681485218,1.093128077321735,1.45031849749076,0.41,2.1,-0.029,0.0,-0.1892343307861979
TCGA-C5-A7CK-01,11.158874725948928,0.06514188708021519,-0.49004802111595036,-0.5114906352476966,0.63,2.17,-0.036,0.0,0.629328288790939
TCGA-C5-A7CL-01,10.760337395471586,0.1926400161988325,-0.0177338883664117,0.8056594403166406,0.63,2.01,-0.067,0.0,0.5721139240876474
TCGA-C5-A7CM-01,11.404050518005993,0.5201409772613819,-0.5467500196906603,-0.6546631790078113,0.76,1.97,-0.05,0.0,-0.091922810139332
TCGA-C5-A7CO-01,11.338563694454276,-0.11040626426079247,0.3661391213911292,-0.7206829774390985,0.69,2.99,-0.15,-1.0,0.1481850932012531
TCGA-C5-A7UC-01,11.119109723257,0.8742581767967977,-0.9357024183836137,-1.3060219526565768,0.8,2.02,-0.014,0.0,0.5555330479461871
TCGA-C5-A7UE-01,11.101542403564164,-0.27346623918931323,-0.8277596614510822,-0.6818035241659339,0.65,2.12,-0.019,0.0,-0.3047561264749569
TCGA-C5-A7UH-01,11.482157538783326,-0.22008398056862277,0.03332847132432485,0.39852345970224,0.58,3.85,0.002,0.0,-0.2480507849635955
TCGA-C5-A7UI-01,12.006410239125477,-0.3016210814901863,-0.007002590791617469,-0.023595685531135474,0.52,2.0,-0.069,0.0,-0.2803351155447646
TCGA-C5-A7X3-01,10.491592586206087,0.26632238507413697,0.04525312216564628,0.6409422611859976,0.22,3.57,-0.31,-1.0,0.460459738523633
TCGA-C5-A7X5-01,10.860435219133333,-0.40235943631559135,-0.37085628914404895,-1.0037291813318971,0.84,3.22,-0.679,-1.0,0.0462456329039081
TCGA-C5-A7X8-01,11.015728647658195,-0.025809673587373752,0.2918911539345594,0.2250384284628008,0.69,3.35,-0.104,-1.0,0.076762688062767
TCGA-C5-A7XC-01,10.037354764847754,0.9367872569900443,0.8988604719056897,0.7786079586205725,0.59,2.11,-0.67,-1.0,0.114455863207104
TCGA-C5-A8XH-01,10.478253918016366,-0.5731458819914236,0.6212311061901813,0.7675704428895227,0.5,3.14,-0.401,-1.0,0.5727139400125951
TCGA-C5-A8XI-01,11.105960874046959,0.6081071895863498,-0.2516930726819841,0.2711747019652376,0.67,2.36,0.041,0.0,0.4807798695452991
TCGA-C5-A8XJ-01,11.315766595747387,0.2986982124867525,0.07676742226447769,0.012964864763619015,0.71,1.94,-0.071,0.0,0.4233833810233986
TCGA-C5-A8XK-01,10.92812600360326,-0.21402245377544435,-0.1821284003475415,0.3504841898840524,0.58,3.72,-0.8,-1.0,0.4832250070211659
TCGA-C5-A8YQ-01,11.045213599665002,-0.5868051021325709,-0.32233126696761955,-0.5942300587694788,0.8,3.07,-0.411,-1.0,-0.6290013415622699
TCGA-C5-A8YR-01,11.528478529905469,-0.3279276068099493,-0.1697904479257484,0.8112992561890563,0.79,3.03,-0.541,-1.0,-0.2741496525298801
TCGA-C5-A8YT-01,10.906454715642232,-1.2803454391221196,1.2665699051396906,-0.23806220097683495,0.67,2.0,-0.002,0.0,-0.9061869790037986
TCGA-C5-A8ZZ-01,11.004634812884767,-0.8307973346349087,-0.4896441407136565,-0.3848352730651087,0.7,2.0,-0.075,0.0,0.4897283519696865
TCGA-C5-A907-01,11.085704811967139,-0.8114895439474007,-0.27725201171066804,0.8220102207612398,0.61,2.03,-0.625,-1.0,0.9062248722918445
TCGA-DG-A2KH-01,11.18607089612109,-0.22931954478730968,0.02544624891053988,-0.9862594345110273,0.76,3.36,-0.017,0.0,-0.5177383792179365
TCGA-DG-A2KJ-01,11.73018989256659,0.44030603408724844,0.2202620589045541,0.39135908575028333,0.61,1.75,0.198,1.0,-0.3634747923196493
TCGA-DG-A2KK-01,11.899190739054225,-0.4079472985145202,-0.34941337985914395,-0.046864980738239,0.84,1.99,-0.016,0.0,0.6120932174490986
TCGA-DG-A2KL-01,10.405779682585322,0.3407065951323373,0.8915576169605419,1.1437052017496974,0.53,3.32,0.389,1.0,0.27151978680668
TCGA-DG-A2KM-01,10.340206179911712,0.3054181022845599,1.2880135401072454,2.419298248807424,0.17,1.96,-0.031,0.0,-1.3125218787876074
TCGA-DR-A0ZL-01,10.501737685261519,0.7919840262243243,-0.7443244040754103,-0.574341720724145,0.49,1.88,-0.077,0.0,0.4975681110743476
TCGA-DR-A0ZM-01,10.729297842805707,0.5655096575739846,0.735616274521386,0.13455897845208992,0.48,2.07,-0.004,0.0,-0.3004552123805929
TCGA-DS-A0VK-01,11.417863060863734,0.5510630303467599,-0.27113811317286957,-0.840972425617232,0.67,1.88,-0.054,0.0,0.3472074318261252
TCGA-DS-A0VL-01,10.404247481318137,0.7199389044166357,-0.07045996171182693,-0.23338437851814176,0.79,2.08,0.144,1.0,0.1733782526995894
TCGA-DS-A0VM-01,9.864551416037806,0.5567172603368381,0.6293303515738393,-0.30968188607729624,0.71,2.06,-0.752,-1.0,0.3480764681850052
TCGA-DS-A0VN-01,10.654376463267454,-0.2907127154097117,0.8749404590961691,1.0994690316247988,0.5,3.54,-0.284,-1.0,-0.0878737828983876
TCGA-DS-A3LQ-01,11.45867831059763,-0.46287006340326414,-0.09674177355551573,0.30956500299066503,0.72,2.63,0.271,1.0,0.5099884982769627
TCGA-DS-A5RQ-01,9.627044999788588,0.2901978836504047,0.5688614731679744,0.13205744326447086,0.7,1.94,-0.828,-1.0,0.2413807871252987
TCGA-DS-A7WF-01,11.141679292264602,-0.941187213946112,0.18739441936642978,-0.3213997516968645,0.94,2.0,-0.002,0.0,0.186736089961143
TCGA-DS-A7WH-01,9.881453558347646,-0.2614740387726128,-0.1116800697253429,0.018432967507178044,0.68,2.11,-0.699,-1.0,0.2680583580237078
TCGA-DS-A7WI-01,11.04605990725127,-0.8476994002063442,0.3360266152751892,-1.1711842356299549,0.85,2.2,-0.887,-2.0,0.4230163357689293
TCGA-EA-A1QS-01,10.171877329386279,-0.4299712000948406,1.022409146475695,0.5345040653144753,0.3,2.15,0.049,0.0,0.4664702534262136
TCGA-EA-A1QT-01,11.201652237772732,0.1185985441074829,-0.8352840434585596,-0.605730929336727,0.86,1.86,-0.141,-1.0,0.0416836457929157
TCGA-EA-A3HQ-01,10.814109767667675,-0.14973781468401184,0.8094720719342597,1.1272962363658778,0.79,2.29,-0.038,0.0,-0.1169837982119565
TCGA-EA-A3HR-01,10.228289605309342,0.5366047021314945,0.1652067929053839,0.08858720686202248,0.75,1.99,-0.037,0.0,-0.120085416060011
TCGA-EA-A3HS-01,10.206379492352996,-0.5241492061777299,-0.20270718854859326,-0.08699595964079156,0.84,2.06,-0.077,0.0,-0.4966203726879702
TCGA-EA-A3HT-01,10.211730148985325,-0.23229843331906871,0.9826731954131022,0.7300072660905823,0.57,2.19,-0.021,0.0,-0.082879213501168
TCGA-EA-A3QD-01,11.314367985139608,-0.33963297004298026,1.1342572564716036,1.427256694143892,0.53,2.05,-0.028,0.0,-0.1117969592263495
TCGA-EA-A3QE-01,10.490359534867034,1.1714969588691464,0.5418031766315622,1.234094567883379,0.44,1.87,-0.059,0.0,-0.2777019526950405
TCGA-EA-A3Y4-01,10.388297184095112,-0.07895828312900914,-0.6866518969906986,0.48789748074868,0.57,2.09,-0.517,-1.0,0.5224434817096918
TCGA-EA-A410-01,12.062201330429827,-1.2273593570022372,0.08896890228787635,-0.4760470441189908,0.8,2.0,-0.028,0.0,0.133286738594597
TCGA-EA-A411-01,10.253646604371351,0.46805583013366325,0.9685411964103513,0.40768103447454535,0.42,3.67,-0.354,-1.0,0.4194898220924264
TCGA-EA-A439-01,10.470465688429252,0.19422367247584857,-0.2683869476912997,-0.7675411230607531,0.64,2.59,-0.281,-1.0,0.372520607765465
TCGA-EA-A43B-01,11.336434032714502,0.1940852287037144,-0.07089728125144669,0.06296297979422105,0.38,3.69,-0.214,-1.0,0.6405158929093275
TCGA-EA-A44S-01,10.525980753863008,0.117196708829081,0.9721096608108796,0.11482550147497642,0.73,1.79,-0.091,0.0,-0.9474402861759366
TCGA-EA-A4BA-01,11.367736891688248,-0.7355678053866512,-0.3425295098778549,-1.8755978330483605,0.73,2.07,0.032,0.0,-0.4252337934904078
TCGA-EA-A50E-01,11.649256177517314,-0.19196561198809217,0.6759063501636594,-0.11759563035216294,0.5,2.03,-0.042,0.0,-0.1564651496945607
TCGA-EA-A556-01,10.964766825961911,-0.42902693455263025,-0.6664476735776625,-0.6880118443521572,0.7,3.96,-0.702,-1.0,-0.393397289529665
TCGA-EA-A5FO-01,11.114887534046252,0.6044685377728233,-1.9004248841954023,-2.340951814953277,0.92,2.05,-0.019,0.0,0.7577518666971969
TCGA-EA-A5O9-01,11.029853149418242,-0.6456506600874244,-0.7350529526009661,-0.997944920179431,0.85,2.63,-0.102,-2.0,0.1345916588367106
TCGA-EA-A5ZD-01,10.487407964347316,-0.3281818751642289,0.937719398020025,0.7122516864380587,0.4,2.24,0.002,0.0,-0.3451139398537017
TCGA-EA-A5ZE-01,10.854993016757,-0.21057101850321222,0.9661067324431274,0.4038268260791628,0.7,2.16,-0.027,0.0,0.1565200395614246
TCGA-EA-A5ZF-01,10.52540335288586,0.025105005554720627,-0.32858224966178134,-0.7995816506957534,0.73,2.85,-0.454,-2.0,0.0836945178508626
TCGA-EA-A6QX-01,10.459984818898345,0.28275420858578487,-0.34548721812293604,-0.02233364364519251,0.79,1.95,-0.746,-1.0,0.3354205988698668
TCGA-EA-A78R-01,11.150946749845227,-0.28717625728519025,0.5864471185096423,-0.7732918164022754,0.43,1.96,-0.025,0.0,0.4348467104699432
TCGA-EA-A97N-01,10.29652623659961,-0.2720909085003535,0.6249041809778335,0.24842325778630228,0.64,2.68,-0.214,-1.0,0.4101335246423703
TCGA-EK-A2GZ-01,10.192132506115595,0.9030004740235119,-0.044528622420857054,0.1172678810842182,0.58,2.16,0.011,0.0,0.1955574766108886
TCGA-EK-A2H0-01,11.406417619823614,-1.160452953450102,0.020270354872277352,-0.4585134440671384,0.73,1.92,-0.039,0.0,0.1950619945309566
TCGA-EK-A2H1-01,10.63064026602119,0.1594861497454286,0.22376367741397352,0.3800467062940792,0.42,2.16,-0.064,0.0,0.4928054616011629
TCGA-EK-A2IP-01,10.488774067325359,-0.07882030992264355,-0.32573005061223437,-0.9175954544549535,0.84,1.96,-0.165,-1.0,0.1057471419693124
TCGA-EK-A2PG-01,10.978674712998478,-0.1230939396260895,-0.7518666713560654,-1.2757043614371613,0.79,3.72,0.033,0.0,-0.4033664525274306
TCGA-EK-A2PI-01,10.304670744276077,0.5181726593563426,-0.6121828698926286,-1.0852020807495975,0.81,1.97,-0.705,-1.0,0.4158487276980576
TCGA-EK-A2PK-01,10.25093789465191,-0.18388045133323194,0.45721519111179615,0.33264129480449023,0.5,3.12,-0.372,-1.0,-0.050254152198444
TCGA-EK-A2PL-01,9.3343716221289,-0.08030357363906894,-1.0772296636891487,-0.6401703477338105,0.61,3.75,-0.653,-1.0,0.5004100678126229
TCGA-EK-A2PM-01,12.444473992593236,0.6232085923153737,-1.3695448571992435,-2.22100916139218,0.7,3.27,0.257,1.0,0.4824645763019588
TCGA-EK-A2R7-01,10.872921079215871,1.0775516883150325,0.045678498775570786,0.5468703509131556,0.69,2.17,-0.248,-1.0,0.1353849405649251
TCGA-EK-A2R8-01,10.992017775821843,-0.43929601140560837,-0.21154828488508012,-0.6670522207725698,0.44,3.8,-0.285,-1.0,0.3111050245712606
TCGA-EK-A2R9-01,10.742149408494582,0.3364098805603186,0.46441754336100577,0.2584862598185604,0.78,2.1,-0.04,0.0,0.2518340790839648
TCGA-EK-A2RA-01,9.837725686244873,0.22836885631205095,0.9441205510542342,-0.22053549221442686,0.64,3.5,-0.386,-1.0,0.1192199374019059
TCGA-EK-A2RB-01,10.817926984467016,-0.43944645043214686,-0.8044422061214398,-1.664099120065305,0.81,2.03,-0.073,0.0,-0.6833944384071127
TCGA-EK-A2RC-01,11.135882399122732,1.1283899895834029,-0.03468327830898454,0.49326890623728614,0.61,1.97,-0.054,0.0,0.1218742368702385
TCGA-EK-A2RE-01,10.378500785660133,-0.23186712072890261,-0.7473214231530446,-0.3251688726698775,0.86,1.97,-0.031,0.0,0.1893204244934166
TCGA-EK-A2RJ-01,11.50813149394251,-0.11988122525119516,0.5499624706262493,1.002962431966296,0.5,2.6,-0.141,-1.0,-0.1922411175025467
TCGA-EK-A2RK-01,11.3292357417338,-0.0541670147927931,0.8732339863367006,-0.04332912314634052,0.78,1.68,-0.021,0.0,0.2651581353612696
TCGA-EK-A2RL-01,10.696150347048196,-0.28856617286111197,-1.18236331412153,-1.389652031501093,0.91,2.08,-0.041,0.0,0.5573273202469496
TCGA-EK-A2RM-01,10.770713440836635,-0.10154894529477214,-0.06260010934141502,-0.7182492119179031,0.65,3.51,-0.598,-1.0,-0.1388875550521228
TCGA-EK-A2RN-01,9.65427620487164,0.00995614781643698,0.6703788037675342,0.0819758223368133,0.63,2.95,-0.519,-1.0,-1.1422960808878675
TCGA-EK-A2RO-01,11.46905159558954,0.011338943730657644,-0.7411011374208601,-0.9002009022470703,0.71,2.22,-0.022,0.0,0.3944658181706705
TCGA-EK-A3GJ-01,10.82496669362149,-0.4270100854740105,0.058827821810299254,0.23144072399994586,0.69,3.92,-0.362,-1.0,0.1204591673097098
TCGA-EK-A3GK-01,11.211827471381893,-0.7102346330281145,-1.0910027957780362,-0.509976388058901,0.85,2.02,-0.063,0.0,0.5125069846714765
TCGA-EK-A3GM-01,10.944162985854788,1.2667268876763753,-1.5573220441793405,-1.6380312280596305,0.79,2.98,-0.117,-1.0,0.3045691895953226
TCGA-EK-A3GN-01,10.060614879127579,0.15750896558063568,-0.8099112786374266,-1.5319508130609547,0.7,2.31,-0.66,-1.0,0.2690540104192876
TCGA-EX-A1H5-01,11.097321090893276,0.5101141746520047,-0.4094151793672785,-0.9995492187259958,0.78,1.74,-0.092,0.0,0.724481062104815
TCGA-EX-A1H6-01,10.84326156225702,0.4437991087834788,-0.36959925446611,-1.0308455520801663,0.62,1.89,-0.031,0.0,0.3044367602006328
TCGA-EX-A3L1-01,11.161566516013716,0.9235069305680509,1.0328873380730028,0.798804669493867,0.27,3.56,0.04,0.0,0.667183712043226
TCGA-EX-A69L-01,10.572027506649384,-0.43590512449515245,0.7837694114778967,0.739794811569796,0.58,2.11,-0.473,-1.0,0.1857363887088201
TCGA-EX-A69M-01,11.144352338662614,0.5416977078683332,0.2508032491666302,0.42919801866961804,0.69,2.11,-0.016,0.0,-0.1448481233807601
TCGA-EX-A8YF-01,11.248639193984642,0.305456073848645,-0.5284854724483384,1.0496864652419315,0.56,2.24,0.051,0.0,-0.1134834070971004
TCGA-FU-A23K-01,12.980344897099693,-1.0379751436530427,-0.24824698169767326,0.024214140642735395,0.64,2.14,-0.007,0.0,-0.1452824719291921
TCGA-FU-A23L-01,9.962479616424773,0.8205168123210881,0.0908557698929607,0.8449451541478825,0.5,3.48,-0.363,-1.0,0.3935368116229369
TCGA-FU-A2QG-01,10.76830013280403,0.3515012036701262,-1.2592284197266668,-0.7418240161612468,0.81,1.86,-0.045,0.0,0.2497116585021185
TCGA-FU-A3EO-01,11.620105248607066,0.07744408866764045,-0.23639017530157083,-0.9194363138955113,0.81,2.01,0.007,0.0,0.0585770485511745
TCGA-FU-A3HY-01,10.617843931108728,0.17861179976740504,-0.4308013988721872,-0.7825734054107182,0.63,3.78,-0.094,0.0,0.0620412875196881
TCGA-FU-A3HZ-01,12.165459770055666,-0.7538537103638613,-0.4784684658232042,-0.8391787377294957,0.81,2.0,-0.013,0.0,-0.1665189545766447
TCGA-FU-A3NI-01,10.772223835531051,-0.5481271938160807,0.08169963990031433,0.7523948056310501,0.65,3.24,-0.08,0.0,-0.0453017485130752
TCGA-FU-A3TQ-01,10.488292061028893,0.6427489448030613,0.4059384123350411,0.7773264118390476,0.66,1.93,-0.042,0.0,0.3422509012254074
TCGA-FU-A3TX-01,11.35709559215425,-0.019509355056962312,-0.26983356267752406,0.4284087671631859,0.68,3.11,-0.011,0.0,-0.0439651079210421
TCGA-FU-A3WB-01,11.136754060117111,-0.22336829908130373,-0.9170282764774198,-1.0981118248945188,0.88,1.96,-0.035,0.0,0.5874238194136558
TCGA-FU-A3YQ-01,10.175137827937556,0.07711225089737077,1.432950766520401,1.285095872749154,0.34,1.99,-0.026,0.0,-0.6513582074356017
TCGA-FU-A40J-01,11.210738302761058,0.16049246534437797,0.2175260162031237,-0.3407538708682325,0.65,3.36,0.236,1.0,0.1547025280929724
TCGA-FU-A57G-01,10.720876955530832,-0.4037530465264525,0.313467590946602,-0.6401900880058038,0.58,2.02,-0.012,0.0,-0.7940764145443162
TCGA-FU-A5XV-01,10.537694042560227,0.5468430255350616,-0.7599203423736421,0.15101067297341236,0.72,1.9,-0.115,-1.0,0.3584318999495437
TCGA-FU-A770-01,11.337543856100318,0.046799317141124765,0.667331081919699,-0.0020353642826081986,0.61,1.91,-0.005,0.0,0.2947036922720812
TCGA-GH-A9DA-01,11.481466463620064,-0.12172574357900172,0.1620620189478816,0.5489762158883946,0.74,2.17,-0.106,-1.0,0.6887607555983803
TCGA-HG-A2PA-01,10.76492962902433,1.5060454760293558,-0.0694412665689026,0.36962398536316343,0.5,1.96,-0.046,0.0,0.2814708211206996
TCGA-HM-A3JJ-01,10.491181686178813,0.18451902294994982,0.6268318473949531,0.4851272674955519,0.42,2.61,0.0,0.0,0.3624845280235795
TCGA-HM-A3JK-01,11.424302781891903,-0.048944086873972614,0.8014419199906385,0.5403160665357011,0.43,3.37,0.251,1.0,-0.3699720704994421
TCGA-HM-A4S6-01,10.211693651393942,-0.4770230481751967,1.4099251030007494,0.7860831333223787,0.54,2.11,-0.493,-1.0,-0.2751204684483505
TCGA-HM-A6W2-01,11.812626573275544,-1.1954316445116298,-0.0987882787547724,0.045625185927061745,0.85,2.02,0.023,0.0,-0.9672915606285828
TCGA-IR-A3L7-01,10.77789637054168,0.04393003521798613,-0.12900275409202844,-1.4795433690717643,0.84,2.04,-0.069,0.0,0.2155430817390648
TCGA-IR-A3LA-01,11.373697144173464,-0.40273531157452175,0.1142687353520801,-0.18948163912267535,0.88,2.13,-0.014,0.0,-0.3656037511661001
TCGA-IR-A3LB-01,10.900240397487494,0.5212452476127107,-0.4261671779547858,-0.07624374062867281,0.72,1.8,0.021,0.0,0.3470333631908818
TCGA-IR-A3LC-01,11.877648404460842,-0.13437721390244264,-0.5360894298289721,-0.2654470648166834,0.78,2.18,0.424,1.0,0.536398753450594
TCGA-IR-A3LF-01,10.881809896975017,-0.03143801035820377,0.999973239382633,0.23514399121869067,0.25,3.86,0.039,0.0,-0.360687646638992
TCGA-IR-A3LH-01,10.744119038782006,-0.4674426146496848,1.002058831866169,1.8960770018140294,0.49,2.0,0.032,0.0,0.0083909855020625
TCGA-IR-A3LI-01,11.595555874902027,0.17629907741176712,-1.5466270833414077,-2.0547234281186193,0.93,2.08,-0.025,0.0,-0.2008968840260094
TCGA-IR-A3LK-01,10.242531055316535,-0.30590980934781936,0.25946513452011605,-0.04364587025522798,0.84,2.0,-0.765,-1.0,0.474122471179032
TCGA-IR-A3LL-01,11.572122274903613,-0.1290321282794814,1.1966486636906468,0.20650328201943247,0.5,2.4,0.393,1.0,-0.2409980847145465
TCGA-JW-A5VG-01,10.903181411437469,-0.8455643180133494,-0.38774321016508023,0.3120404271378729,0.78,2.07,-0.028,0.0,0.4578280080177956
TCGA-JW-A5VH-01,11.524238060907733,-0.9703485595302124,-0.6801805844479659,-0.9456731200470081,0.76,2.0,-0.029,0.0,0.0177175570919571
TCGA-JW-A5VI-01,10.056312564099679,-0.035482367326811086,-0.05362708329203403,0.25283700133870357,0.67,1.92,-0.686,-1.0,0.0692708783058224
TCGA-JW-A5VJ-01,11.317553936686165,-0.223531372910969,-0.4300259946353075,-0.38973862257376946,0.65,2.21,-0.045,0.0,-0.5092481881499618
TCGA-JW-A5VK-01,12.626439136697316,0.2866613217519303,-1.2619915932442625,-1.875188007816559,0.94,1.98,-0.208,-1.0,0.7150165882211672
TCGA-JW-A5VL-01,11.490885966186003,-0.590324121688978,0.26347360218084814,-0.0621301585311716,0.86,2.2,0.051,0.0,-0.8221812436435957
TCGA-JW-A69B-01,10.45379534205514,0.9913805835407751,0.5930051338580907,0.05267858269769718,0.78,2.02,-0.792,-1.0,-0.3112301575903885
TCGA-JW-A852-01,12.804687658515915,0.42995158301759573,-0.36543827835767306,-1.0327912245772364,0.81,2.22,0.701,1.0,0.1480124387623352
TCGA-JW-AAVH-01,10.411267340523338,0.5241232628922862,-1.3575003805408796,-0.9251156296399123,0.93,2.02,-0.058,0.0,0.4461809107257273
TCGA-JX-A3PZ-01,11.458042561096171,-0.8264310796005795,0.15926746384428533,0.9416135029662499,0.7,3.7,-0.691,-1.0,0.4024587092193457
TCGA-JX-A3Q0-01,11.67827001552358,0.3047873441979674,-0.35761929418270394,0.31752913292305945,0.76,2.25,0.398,1.0,-0.0975608534774165
TCGA-JX-A3Q8-01,11.51242937592066,-0.7358657574793314,-0.7704060283099731,-0.9217045528070714,0.86,3.12,0.055,0.0,-0.0947043472036605
TCGA-JX-A5QV-01,10.092796774854579,-0.29742208696863087,0.5790991800433326,-0.23403536588058554,0.64,3.24,-0.637,-1.0,-0.4200014522084244
TCGA-LP-A4AU-01,12.002266518502122,0.4107545394838688,-0.04972271437072066,-0.03108987652272327,0.25,3.29,0.145,1.0,0.4868129235374252
TCGA-LP-A4AV-01,12.024544085403347,-0.09070203651715125,0.6754929937039259,-0.23819928584808558,0.7,2.14,-0.095,0.0,-0.385477934523754
TCGA-LP-A4AW-01,11.025900860679508,0.0947990153866179,0.5514933536211389,-0.2981238113912454,0.39,1.98,-0.025,0.0,0.2407917875854874
TCGA-LP-A4AX-01,11.039398893556296,-0.5352579006036499,0.31714443103350914,0.773653298683905,0.45,1.95,-0.475,-1.0,0.1572194525431455
TCGA-LP-A5U2-01,13.046595418039997,-0.36184386461884,-1.1604957340930053,-1.051391606000095,0.87,2.2,0.608,1.0,0.1608562406690597
TCGA-LP-A5U3-01,11.016202395665777,-0.17166191980538845,0.4468897686024076,-0.43173473979303423,0.85,2.04,-0.036,0.0,0.3067571896373653
TCGA-LP-A7HU-01,12.281689557742304,-0.2439534348523543,0.01640219235230152,0.03671933689117074,0.44,1.87,0.346,1.0,0.3461410347356797
TCGA-MA-AA3W-01,10.520402603852382,0.32034824332194484,0.7728944774399107,1.4363511515980798,0.48,2.01,-0.071,0.0,0.4277918076139925
TCGA-MA-AA3X-01,10.469875803806284,-0.3187596243951005,0.6697343553015688,0.7685578185992098,0.68,3.02,0.022,0.0,-0.667633126344302
TCGA-MA-AA3Y-01,11.258106653767626,0.2823184810998713,0.6039187345600197,1.1159465943584974,0.47,2.05,0.005,0.0,0.1156794557208723
TCGA-MA-AA3Z-01,11.038349753012584,0.9314711431704766,-0.11153346564693208,-0.09192367213220815,0.76,2.0,-0.011,0.0,0.4136298377979077
TCGA-MA-AA41-01,11.072373814941962,-0.25077625456770564,0.07578910642126103,-0.6051004163109699,0.72,2.25,-0.053,0.0,-0.3840543470563708
TCGA-MA-AA42-01,10.910972451655129,0.09482482507947487,0.16033339298422625,0.7986192622848853,0.6,1.87,-0.015,0.0,-0.4532808589622572
TCGA-MA-AA43-01,11.002189149565671,-0.1499441217009969,0.5723077554412489,0.1500210830591115,0.52,3.57,0.073,0.0,0.1384268341966878
TCGA-MU-A51Y-01,11.114308455925359,0.5174715701765915,1.0220128435442628,1.4771783521125887,0.52,2.03,-0.044,0.0,0.1016800499139541
TCGA-MU-A5YI-01,10.560686298965303,0.34006913144541046,0.5701810961112539,0.8672610477838663,0.7,1.92,-0.032,0.0,-0.1119163096464895
TCGA-MU-A8JM-01,10.856565589306276,0.2959261302234849,0.3136697619731479,0.8824009852501318,0.62,2.18,0.017,0.0,-0.0620911576450273
TCGA-MY-A5BD-01,10.8521081091307,0.9421483936445819,-0.4634992587448012,-0.34635343512462996,0.94,2.13,0.071,0.0,0.6084710114774324
TCGA-MY-A5BE-01,11.420539245759908,-0.28521527329597146,0.5819630967760565,1.4828892156658036,0.22,2.47,0.217,1.0,-0.1347327714285661
TCGA-MY-A5BF-01,11.338340840526474,-0.6477683229174955,-0.28789064549307025,0.4662985527881498,0.82,1.94,-0.02,0.0,0.4662988844884936
TCGA-MY-A913-01,10.892193674078937,0.3273566506789301,0.13772246595256388,0.44717082138762676,0.5,3.57,-0.706,-2.0,0.667240015388053
TCGA-PN-A8MA-01,10.695767678543872,-1.208918595109773,-0.08690751087252248,0.13803044264443295,0.78,4.36,-0.5,-1.0,-0.3190869252309654
TCGA-Q1-A5R1-01,11.188421943310905,0.5067510069565963,0.19860064819860138,-0.0007158753218718394,0.77,2.01,-0.007,0.0,0.4306550685264072
TCGA-Q1-A5R2-01,11.364517717399067,0.5406721319109642,-0.32174724515141717,-0.6296107746691586,0.57,2.96,0.039,0.0,0.1823900335720359
TCGA-Q1-A5R3-01,11.246621853273858,0.751222195613308,-1.074264908286217,-0.5493773976093398,0.72,2.27,-0.103,-1.0,0.4967852029118418
TCGA-Q1-A6DT-01,11.126162392555925,-0.527667074458633,0.08282249759093718,-0.3522469756383856,0.57,2.93,-0.005,0.0,-0.3062348017185813
TCGA-Q1-A6DV-01,10.642521079278058,0.11591761994417633,-0.5166797841996779,-0.06451664626561235,0.66,2.0,-0.009,0.0,0.6248428544027671
TCGA-Q1-A6DW-01,10.667111542075027,0.1913466898542782,-0.25045162186979986,0.5980089569094469,0.74,2.25,-0.014,0.0,0.5047822158328149
TCGA-Q1-A73O-01,11.545273410686416,-0.056624401322250474,-0.07346622933474597,0.2536323766347215,0.52,2.06,-0.003,0.0,-0.0324396261340764
TCGA-Q1-A73P-01,11.077470004691834,0.5765295068625595,-0.1620358411857459,0.5879853765253138,0.73,1.96,-0.059,0.0,0.0721181185479101
TCGA-Q1-A73Q-01,11.070852171969497,0.6560246189257667,-0.8665853085945855,0.09783691871544692,0.84,2.02,-0.069,0.0,0.2856587437345709
TCGA-Q1-A73R-01,11.404380549415988,-0.6979565326772167,-0.5439538468690376,-0.44254137298137647,0.9,2.01,-0.025,0.0,0.0014933410890166
TCGA-Q1-A73S-01,10.3533563760722,0.44899650081151427,-0.4070548250972243,-1.017057011172307,0.95,1.99,-0.853,-1.0,0.273920326603532
TCGA-R2-A69V-01,10.33397152821992,0.10371080529530907,1.653043649979084,1.091242127474317,0.24,2.28,0.067,0.0,-0.2633730135048382
TCGA-RA-A741-01,10.814334118345114,-0.01892079249222282,0.058810183555878935,0.4086388800426299,0.86,1.98,-0.527,-1.0,0.1384112227408371
TCGA-UC-A7PD-01,11.874831539272762,0.3870734517299836,-0.033278743433574696,-0.5674128071797642,0.66,2.05,-0.02,0.0,0.4043100595491253
TCGA-UC-A7PF-01,11.566915020661975,0.25935098112749483,0.8300484016048787,1.4075768947967995,0.55,2.17,0.579,1.0,0.3504278130114226
TCGA-UC-A7PG-01,10.432207807862968,0.40872697050339246,0.11549399657526127,0.17945156215686997,0.55,2.65,-0.337,-1.0,-0.4557232714747478
TCGA-UC-A7PI-01,11.379892749943446,-0.6440736231785233,-0.317454574840532,-0.3895181182315167,0.84,2.02,-0.039,0.0,0.2117068677540611
TCGA-VS-A8EB-01,10.117071623845122,-0.1378734467918856,-0.7899002172902613,-0.3599640317187193,0.8,3.89,-0.883,-1.0,0.4531605632418924
TCGA-VS-A8EC-01,11.699338202363775,0.36784535860478523,-2.08230945881842,-1.8714647838319127,0.86,3.36,0.045,0.0,0.1764298469306944
TCGA-VS-A8EG-01,10.651069635035508,0.4569782585333229,-0.5055422660917521,0.043422642994359356,0.82,2.07,-0.065,0.0,0.4199755417181459
TCGA-VS-A8EH-01,10.79741835451163,-0.05266925411981562,-0.3816761326012119,-0.9414244630462518,0.72,3.04,-0.095,0.0,0.3323732713402912
TCGA-VS-A8EI-01,10.224508217299565,-0.24780946016347594,0.37628641736125196,0.11990351805940012,0.43,1.72,-0.3,-1.0,0.0873561225724964
TCGA-VS-A8EJ-01,11.558635953434635,-0.890655815528589,-0.7566137165233661,-1.441994858886983,0.92,2.69,-0.103,-1.0,-0.4116988902859628
TCGA-VS-A8EL-01,12.106281571118826,0.16236221426170325,0.41690158882780803,1.1270876748508343,0.48,2.01,-0.011,0.0,-0.724749593784665
TCGA-VS-A8Q8-01,9.510329019490573,0.15307775294848006,0.7555188942405962,0.27779339842754114,0.7,2.02,-0.775,-1.0,0.0440917167405507
TCGA-VS-A8Q9-01,11.271031088520958,-0.824048384506892,-0.849246207659799,-0.22690028626351139,0.54,3.87,-0.697,-1.0,-0.3545999933215172
TCGA-VS-A8QA-01,11.537344606562852,-0.8433192818652145,-0.7680857073729358,-1.19553489653365,0.73,4.11,-0.098,0.0,0.3752342862583832
TCGA-VS-A8QC-01,11.386821721819173,-0.4048843305249112,0.17906933555651725,-0.320126123294197,0.78,2.05,-0.05,0.0,0.112347792775771
TCGA-VS-A8QF-01,11.052506918363164,-0.3220703958060111,0.14379810151264003,0.17008957561802024,0.7,1.91,-0.181,-1.0,-0.1127160624314096
TCGA-VS-A8QH-01,11.012240420806181,-0.4763985444933461,-0.9711961157283625,-1.1982220944816742,0.59,1.93,-0.098,0.0,-0.0422933287251064
TCGA-VS-A8QM-01,10.453754195379128,0.05684999065337737,0.9995730547163849,1.6007147293313055,0.21,2.13,0.032,0.0,-0.1331735739502356
TCGA-VS-A94W-01,10.91665577591251,-0.24207018678883244,0.6367599954275822,1.0938568720247113,0.56,2.18,-0.082,0.0,0.1545036315593898
TCGA-VS-A94X-01,10.515256318772154,-0.30991729258584755,-1.0388798479315255,-0.21367882886672715,0.63,2.45,-0.674,-1.0,0.8389807928384034
TCGA-VS-A94Y-01,10.803808234507647,0.34811423011774695,0.04439663801718374,0.9088051406247311,0.72,1.84,-0.68,-1.0,0.6933630020345707
TCGA-VS-A94Z-01,10.78622878066476,-0.2579951161988065,0.7218324895650886,0.9170759137484917,0.46,1.9,-0.018,0.0,-0.0795132981833331
TCGA-VS-A950-01,10.833720274004833,-0.045023980947088565,0.060182412428754196,-0.33789260885452294,0.46,3.95,-0.594,-1.0,0.2289074544739991
TCGA-VS-A952-01,11.118344150942674,-0.25564523080468615,-1.0949169146682953,-0.24392831730973866,0.91,2.05,0.009,0.0,-0.0470868017216349
TCGA-VS-A953-01,11.653561662058392,-0.07557604883040783,-0.10525960618938157,-0.4580674128107206,0.88,4.5,0.412,1.0,0.1897795895329249
TCGA-VS-A954-01,11.5428529227144,-1.297158357401295,-0.05051009696699649,-0.6640937808965668,0.81,2.24,0.657,1.0,-0.6169248166189386
TCGA-VS-A957-01,10.719089297998643,0.5107576949774925,-1.016137905926047,-1.0471576659548583,0.95,2.06,-0.163,-1.0,0.2885291571429908
TCGA-VS-A958-01,10.93813138560779,-0.13835748853424204,0.059207696005388,0.7926421599132474,0.48,2.0,-0.026,0.0,-0.1109618882874084
TCGA-VS-A959-01,10.494365604850282,-0.0443138703332849,-0.06417544295773288,0.6756557974602022,0.37,3.12,-0.275,-1.0,0.2756580372473777
TCGA-VS-A9U5-01,10.904642147444248,1.0442956705605013,0.28468343636901944,0.7468391771842238,0.56,3.29,0.102,1.0,0.212397984667186
TCGA-VS-A9U6-01,10.237233866025747,0.9358479224037813,0.9786483168157757,0.46371794665287336,0.65,2.21,-0.616,-1.0,0.228813557329963
TCGA-VS-A9U7-01,11.429992488595063,0.0620795031488142,0.10644279137293193,0.3327929842147306,0.82,1.99,0.031,0.0,-0.0222586765660608
TCGA-VS-A9UB-01,10.82119997805645,-0.11415386716318969,0.9952151570843236,0.9819393271054712,0.55,2.46,0.003,0.0,0.4404323286873849
TCGA-VS-A9UC-01,10.793400098483819,0.34639639421062757,-0.2215938490151533,0.8801221185659387,0.72,2.2,-0.03,0.0,0.3665785957153592
TCGA-VS-A9UD-01,11.437195482024862,0.4591344939142672,-0.46677729021127895,-0.015506859669208839,0.6,3.37,-0.255,-1.0,0.1520152121433897
TCGA-VS-A9UH-01,11.09242020850595,-0.45602541803240476,0.5465912085815523,0.6189831989377252,0.23,3.56,-0.091,0.0,0.1922531843329961
TCGA-VS-A9UI-01,10.928303694554282,-0.29540045245190444,-0.29176379674202585,0.2835438193188341,0.63,2.4,-0.256,-1.0,0.293891140915461
TCGA-VS-A9UJ-01,11.405141463136344,-0.15059875981874496,-1.3194853317688084,-1.3249025217804442,0.66,2.0,-0.011,0.0,0.022411060517353
TCGA-VS-A9UL-01,10.83566358518231,-0.13948351533099626,-0.6111709015276493,-1.7046017205291601,0.84,5.08,-0.372,-1.0,-0.0294807127333991
TCGA-VS-A9UM-01,10.462788533785222,0.04652100471813281,0.1949484734548191,0.9950787163324486,0.72,2.03,-0.112,-1.0,-0.3061545786300337
TCGA-VS-A9UO-01,11.181717543385222,-0.07863819925382087,-2.023904674212854,-2.2562241683257134,0.75,1.89,-0.063,0.0,-0.2906501654570017
TCGA-VS-A9UP-01,10.568136638593744,0.04341985505029866,0.12800583303445867,-1.3080702900445165,0.43,4.62,-0.58,-2.0,-0.4327450828083511
TCGA-VS-A9UQ-01,10.825841266296727,0.34770041611622243,-0.33415566074267833,-0.19571087322367028,0.58,2.04,-0.022,0.0,0.4681972094516528
TCGA-VS-A9UR-01,11.37013157884945,-0.341264014470225,-0.9284484654352289,-0.5197408300001056,0.8,1.84,0.035,0.0,0.7387263939218996
TCGA-VS-A9UT-01,10.666880834385342,-0.33575320200173836,0.8924688336711704,1.6159809011702013,0.45,1.7,-0.477,-1.0,-0.7956410207370066
TCGA-VS-A9UU-01,11.43625867716891,-0.14755914226524627,-0.7665901081957741,-1.086507043356311,0.28,4.48,0.115,1.0,-0.3497252979342468
TCGA-VS-A9UV-01,10.836192407751083,-0.04501971036568978,-1.0148489834875576,-0.6427103766208535,0.89,2.06,0.002,0.0,0.1197853998487246
TCGA-VS-A9UY-01,10.303278456777964,-0.21504795216621883,0.23638070531727431,0.5075244329216708,0.84,2.06,-0.009,0.0,-0.0207672864897843
TCGA-VS-A9UZ-01,11.776988124702987,0.10992600747609536,0.12511677524447973,0.25554721743220576,0.67,2.01,-0.002,0.0,-0.464476480630609
TCGA-VS-A9V0-01,10.93947637088045,-0.40015149148668966,-0.3441741783995071,-1.2518591936979644,0.78,1.92,-0.61,-1.0,-0.2918239607491748
TCGA-VS-A9V1-01,11.021563008664339,-0.45068637362250524,0.015437700783701344,-0.9058125795558745,0.86,1.95,-0.66,-1.0,-0.2566881085959375
TCGA-VS-A9V2-01,11.006606594769428,0.6160710672736441,0.8983913764305665,0.7411965627370796,0.55,1.99,0.399,1.0,-0.673276275973404
TCGA-VS-A9V3-01,10.228037018960242,-0.3542155213368421,0.20133513427860092,0.796002603786769,0.77,2.0,-0.665,-1.0,0.2632117575706894
TCGA-VS-A9V4-01,10.895582855563122,0.08015587540832636,-0.7829542244897117,-0.3481317479200434,0.33,3.0,-0.259,-1.0,-0.1766024150523519
TCGA-VS-A9V5-01,10.257847451717934,-0.5825155732051601,0.44875574689375114,-0.527152876573224,0.71,1.94,-0.682,-1.0,-0.003112951098129
TCGA-VS-AA62-01,11.135343757058406,0.0011154500614548035,0.697374506494551,1.2230987057046998,0.54,4.06,0.003,0.0,0.2870677655796593
TCGA-WL-A834-01,11.67237230073761,0.7303661700945802,0.3536514246866811,-0.25846107914523125,0.77,2.28,0.698,1.0,0.4364074274649471
TCGA-XS-A8TJ-01,10.380471887966914,0.8931551011874412,0.7178112408690822,0.44180653103264617,0.27,4.15,-0.029,0.0,-0.0225566566776782
TCGA-ZJ-A8QO-01,11.255034472814186,0.368529446339613,0.39398015675877646,1.3710372891454143,0.61,2.1,0.023,0.0,-0.2699640172098024
TCGA-ZJ-A8QQ-01,11.73925321256728,-0.9831483143469703,-0.2758790115851431,-0.1022156855890256,0.71,1.92,,,0.330015996686067
TCGA-ZJ-A8QR-01,9.784391104378017,0.0005232749326046596,1.0362397739958908,-0.9704762848426783,0.63,3.81,-0.779,-1.0,0.1068297157459998
TCGA-ZJ-AAX4-01,10.92393652776921,0.036888111597147034,1.1269631325383314,1.0786755591297248,0.69,3.6,-0.357,-1.0,-0.2978127597510771
TCGA-ZJ-AAX8-01,10.73727269772657,0.030978826212857902,0.6352882309637281,0.896465177448206,0.36,2.08,-0.021,0.0,0.1767797412543931
TCGA-ZJ-AAXA-01,10.719063621709749,-0.2585296050573403,-0.32162392071991425,-0.7841743119916302,0.88,2.45,0.305,1.0,-0.1555887928969015
TCGA-ZJ-AAXB-01,11.010276329087715,-0.37755401016644524,-1.8155484035440994,-1.3655942893358062,0.77,2.9,-0.185,-1.0,-0.0213483753896326
TCGA-ZJ-AAXD-01,10.560925077485619,0.1001567795716601,-0.0550302017547639,-0.14235103770271895,0.57,3.49,0.268,1.0,0.3389684953902556
TCGA-ZJ-AAXF-01,11.248591759535907,-0.01411910956436017,0.7050457265099878,1.0171203793854817,0.23,3.28,0.102,1.0,-0.1688545881235681
TCGA-ZJ-AAXI-01,9.43202193540315,0.3206856366111713,-0.49262569165617887,-1.0167590828887412,0.86,2.14,-0.003,0.0,-0.2901874223180277
TCGA-ZJ-AAXJ-01,9.964033233350035,0.2039644272521489,-0.2721978208306006,-0.33681231272709405,0.72,1.98,0.501,1.0,0.1712277729936834
TCGA-ZJ-AAXN-01,10.522365748354963,-0.23724809592208715,0.4069271143671666,-0.02325566387753064,0.79,2.04,-0.805,-2.0,0.4611793388871447
TCGA-ZJ-AAXT-01,11.838908446383629,-0.09787699624198858,-0.7875106682440718,0.1719224312347299,0.6,1.93,-0.128,-1.0,0.315026620942995
TCGA-ZJ-AAXU-01,11.646338194060394,0.5606150648049337,-0.4864987781038998,-0.03246442226565052,0.54,2.11,-0.026,0.0,0.352098136134611
TCGA-ZJ-AB0H-01,10.922532372587993,0.9793257801275734,0.7545973842511886,1.2482882094419354,0.36,3.78,-0.077,0.0,-0.2890343473185552
TCGA-ZJ-AB0I-01,9.81848152082715,-0.0821212234390049,-0.03202418551419713,-0.424296480702106,0.9,2.14,-0.886,-1.0,0.4335676557332331
TCGA-ZX-AA5X-01,11.130268092800007,0.052499311090613544,1.0971887894045687,0.9002935449985074,0.37,2.05,-0.029,0.0,-0.0467343347448461
