t,HR,lo,hi,endpoint
6.0,1.5494,0.8186,2.9325,TCGA-CESC: overall survival
6.1172,1.5334,0.8151,2.8847,TCGA-CESC: overall survival
6.2367,1.5175,0.8115,2.8377,TCGA-CESC: overall survival
6.3586,1.5018,0.8079,2.7917,TCGA-CESC: overall survival
6.4828,1.4863,0.8043,2.7466,TCGA-CESC: overall survival
6.6095,1.4709,0.8006,2.7024,TCGA-CESC: overall survival
6.7386,1.4557,0.797,2.659,TCGA-CESC: overall survival
6.8703,1.4407,0.7933,2.6165,TCGA-CESC: overall survival
7.0045,1.4258,0.7895,2.5748,TCGA-CESC: overall survival
7.1414,1.411,0.7858,2.5339,TCGA-CESC: overall survival
7.2809,1.3965,0.782,2.4938,TCGA-CESC: overall survival
7.4231,1.382,0.7782,2.4545,TCGA-CESC: overall survival
7.5682,1.3677,0.7743,2.416,TCGA-CESC: overall survival
7.716,1.3536,0.7704,2.3782,TCGA-CESC: overall survival
7.8668,1.3396,0.7665,2.3412,TCGA-CESC: overall survival
8.0205,1.3258,0.7625,2.305,TCGA-CESC: overall survival
8.1772,1.3121,0.7586,2.2694,TCGA-CESC: overall survival
8.337,1.2985,0.7545,2.2346,TCGA-CESC: overall survival
8.4999,1.2851,0.7505,2.2005,TCGA-CESC: overall survival
8.6659,1.2718,0.7464,2.1671,TCGA-CESC: overall survival
8.8352,1.2586,0.7422,2.1343,TCGA-CESC: overall survival
9.0079,1.2456,0.7381,2.1023,TCGA-CESC: overall survival
9.1839,1.2328,0.7338,2.0709,TCGA-CESC: overall survival
9.3633,1.22,0.7296,2.0401,TCGA-CESC: overall survival
9.5462,1.2074,0.7253,2.01,TCGA-CESC: overall survival
9.7327,1.1949,0.7209,1.9805,TCGA-CESC: overall survival
9.9229,1.1826,0.7166,1.9517,TCGA-CESC: overall survival
10.1168,1.1703,0.7121,1.9234,TCGA-CESC: overall survival
10.3144,1.1583,0.7077,1.8957,TCGA-CESC: overall survival
10.516,1.1463,0.7031,1.8687,TCGA-CESC: overall survival
10.7214,1.1344,0.6986,1.8422,TCGA-CESC: overall survival
10.9309,1.1227,0.694,1.8163,TCGA-CESC: overall survival
11.1445,1.1111,0.6893,1.7909,TCGA-CESC: overall survival
11.3622,1.0996,0.6846,1.7662,TCGA-CESC: overall survival
11.5842,1.0882,0.6799,1.7419,TCGA-CESC: overall survival
11.8105,1.077,0.6751,1.7182,TCGA-CESC: overall survival
12.0413,1.0659,0.6702,1.695,TCGA-CESC: overall survival
12.2765,1.0548,0.6653,1.6724,TCGA-CESC: overall survival
12.5164,1.0439,0.6604,1.6502,TCGA-CESC: overall survival
12.7609,1.0332,0.6554,1.6286,TCGA-CESC: overall survival
13.0103,1.0225,0.6504,1.6074,TCGA-CESC: overall survival
13.2644,1.0119,0.6453,1.5868,TCGA-CESC: overall survival
13.5236,1.0014,0.6402,1.5666,TCGA-CESC: overall survival
13.7878,0.9911,0.635,1.5469,TCGA-CESC: overall survival
14.0572,0.9808,0.6298,1.5276,TCGA-CESC: overall survival
14.3319,0.9707,0.6245,1.5088,TCGA-CESC: overall survival
14.6119,0.9607,0.6192,1.4905,TCGA-CESC: overall survival
14.8974,0.9507,0.6138,1.4726,TCGA-CESC: overall survival
15.1884,0.9409,0.6084,1.4551,TCGA-CESC: overall survival
15.4852,0.9312,0.603,1.438,TCGA-CESC: overall survival
15.7877,0.9216,0.5975,1.4214,TCGA-CESC: overall survival
16.0962,0.912,0.592,1.4052,TCGA-CESC: overall survival
16.4107,0.9026,0.5864,1.3893,TCGA-CESC: overall survival
16.7313,0.8933,0.5808,1.3739,TCGA-CESC: overall survival
17.0582,0.884,0.5752,1.3588,TCGA-CESC: overall survival
17.3915,0.8749,0.5695,1.3441,TCGA-CESC: overall survival
17.7313,0.8659,0.5638,1.3298,TCGA-CESC: overall survival
18.0777,0.8569,0.5581,1.3158,TCGA-CESC: overall survival
18.4309,0.8481,0.5523,1.3022,TCGA-CESC: overall survival
18.791,0.8393,0.5465,1.2889,TCGA-CESC: overall survival
19.1581,0.8306,0.5407,1.276,TCGA-CESC: overall survival
19.5324,0.822,0.5349,1.2634,TCGA-CESC: overall survival
19.9141,0.8135,0.529,1.2511,TCGA-CESC: overall survival
20.3031,0.8051,0.5231,1.2391,TCGA-CESC: overall survival
20.6998,0.7968,0.5172,1.2275,TCGA-CESC: overall survival
21.1042,0.7886,0.5113,1.2161,TCGA-CESC: overall survival
21.5166,0.7804,0.5054,1.205,TCGA-CESC: overall survival
21.937,0.7723,0.4995,1.1942,TCGA-CESC: overall survival
22.3656,0.7644,0.4936,1.1837,TCGA-CESC: overall survival
22.8025,0.7565,0.4877,1.1734,TCGA-CESC: overall survival
23.2481,0.7486,0.4817,1.1634,TCGA-CESC: overall survival
23.7023,0.7409,0.4758,1.1537,TCGA-CESC: overall survival
24.1654,0.7332,0.4699,1.1442,TCGA-CESC: overall survival
24.6375,0.7257,0.464,1.1349,TCGA-CESC: overall survival
25.1189,0.7182,0.4581,1.1259,TCGA-CESC: overall survival
25.6096,0.7107,0.4522,1.117,TCGA-CESC: overall survival
26.11,0.7034,0.4464,1.1084,TCGA-CESC: overall survival
26.6201,0.6961,0.4405,1.1001,TCGA-CESC: overall survival
27.1402,0.6889,0.4347,1.0919,TCGA-CESC: overall survival
27.6705,0.6818,0.4289,1.0839,TCGA-CESC: overall survival
28.2111,0.6748,0.4231,1.0761,TCGA-CESC: overall survival
28.7623,0.6678,0.4173,1.0685,TCGA-CESC: overall survival
29.3242,0.6609,0.4116,1.0611,TCGA-CESC: overall survival
29.8972,0.6541,0.4059,1.0538,TCGA-CESC: overall survival
30.4813,0.6473,0.4003,1.0468,TCGA-CESC: overall survival
31.0768,0.6406,0.3946,1.0398,TCGA-CESC: overall survival
31.684,0.634,0.3891,1.0331,TCGA-CESC: overall survival
32.3031,0.6274,0.3835,1.0265,TCGA-CESC: overall survival
32.9342,0.6209,0.378,1.02,TCGA-CESC: overall survival
33.5777,0.6145,0.3725,1.0137,TCGA-CESC: overall survival
34.2337,0.6082,0.3671,1.0075,TCGA-CESC: overall survival
34.9025,0.6019,0.3617,1.0015,TCGA-CESC: overall survival
35.5845,0.5957,0.3564,0.9956,TCGA-CESC: overall survival
36.2797,0.5895,0.3511,0.9898,TCGA-CESC: overall survival
36.9885,0.5834,0.3459,0.9841,TCGA-CESC: overall survival
37.7112,0.5774,0.3407,0.9786,TCGA-CESC: overall survival
38.448,0.5714,0.3355,0.9732,TCGA-CESC: overall survival
39.1992,0.5655,0.3304,0.9678,TCGA-CESC: overall survival
39.9651,0.5597,0.3254,0.9626,TCGA-CESC: overall survival
40.7459,0.5539,0.3204,0.9575,TCGA-CESC: overall survival
41.542,0.5481,0.3155,0.9525,TCGA-CESC: overall survival
42.3536,0.5425,0.3106,0.9476,TCGA-CESC: overall survival
43.1811,0.5369,0.3057,0.9427,TCGA-CESC: overall survival
44.0248,0.5313,0.301,0.938,TCGA-CESC: overall survival
44.885,0.5258,0.2962,0.9333,TCGA-CESC: overall survival
45.7619,0.5204,0.2916,0.9288,TCGA-CESC: overall survival
46.656,0.515,0.287,0.9243,TCGA-CESC: overall survival
47.5676,0.5097,0.2824,0.9199,TCGA-CESC: overall survival
48.4969,0.5044,0.2779,0.9156,TCGA-CESC: overall survival
49.4445,0.4992,0.2735,0.9113,TCGA-CESC: overall survival
50.4105,0.4941,0.2691,0.9071,TCGA-CESC: overall survival
51.3954,0.4889,0.2647,0.903,TCGA-CESC: overall survival
52.3996,0.4839,0.2605,0.8989,TCGA-CESC: overall survival
53.4233,0.4789,0.2563,0.895,TCGA-CESC: overall survival
54.4671,0.4739,0.2521,0.891,TCGA-CESC: overall survival
55.5313,0.469,0.248,0.8872,TCGA-CESC: overall survival
56.6163,0.4642,0.2439,0.8834,TCGA-CESC: overall survival
57.7224,0.4594,0.2399,0.8796,TCGA-CESC: overall survival
58.8502,0.4546,0.236,0.8759,TCGA-CESC: overall survival
60.0,0.4499,0.2321,0.8723,TCGA-CESC: overall survival
6.0,1.6154,0.7636,3.4172,TCGA-CESC: disease-specific survival
6.1172,1.6,0.7626,3.3568,TCGA-CESC: disease-specific survival
6.2367,1.5847,0.7615,3.2977,TCGA-CESC: disease-specific survival
6.3586,1.5696,0.7604,3.2399,TCGA-CESC: disease-specific survival
6.4828,1.5547,0.7593,3.1833,TCGA-CESC: disease-specific survival
6.6095,1.5399,0.758,3.128,TCGA-CESC: disease-specific survival
6.7386,1.5252,0.7568,3.0739,TCGA-CESC: disease-specific survival
6.8703,1.5107,0.7554,3.021,TCGA-CESC: disease-specific survival
7.0045,1.4963,0.754,2.9693,TCGA-CESC: disease-specific survival
7.1414,1.482,0.7525,2.9188,TCGA-CESC: disease-specific survival
7.2809,1.4679,0.7509,2.8693,TCGA-CESC: disease-specific survival
7.4231,1.4539,0.7493,2.821,TCGA-CESC: disease-specific survival
7.5682,1.4401,0.7476,2.7738,TCGA-CESC: disease-specific survival
7.716,1.4263,0.7458,2.7277,TCGA-CESC: disease-specific survival
7.8668,1.4127,0.744,2.6826,TCGA-CESC: disease-specific survival
8.0205,1.3993,0.7421,2.6386,TCGA-CESC: disease-specific survival
8.1772,1.386,0.7401,2.5956,TCGA-CESC: disease-specific survival
8.337,1.3728,0.738,2.5536,TCGA-CESC: disease-specific survival
8.4999,1.3597,0.7358,2.5126,TCGA-CESC: disease-specific survival
8.6659,1.3467,0.7335,2.4726,TCGA-CESC: disease-specific survival
8.8352,1.3339,0.7311,2.4336,TCGA-CESC: disease-specific survival
9.0079,1.3212,0.7287,2.3955,TCGA-CESC: disease-specific survival
9.1839,1.3086,0.7261,2.3583,TCGA-CESC: disease-specific survival
9.3633,1.2961,0.7235,2.322,TCGA-CESC: disease-specific survival
9.5462,1.2838,0.7207,2.2867,TCGA-CESC: disease-specific survival
9.7327,1.2716,0.7179,2.2522,TCGA-CESC: disease-specific survival
9.9229,1.2594,0.7149,2.2186,TCGA-CESC: disease-specific survival
10.1168,1.2474,0.7119,2.1859,TCGA-CESC: disease-specific survival
10.3144,1.2356,0.7087,2.154,TCGA-CESC: disease-specific survival
10.516,1.2238,0.7054,2.123,TCGA-CESC: disease-specific survival
10.7214,1.2121,0.7021,2.0928,TCGA-CESC: disease-specific survival
10.9309,1.2006,0.6986,2.0634,TCGA-CESC: disease-specific survival
11.1445,1.1891,0.695,2.0347,TCGA-CESC: disease-specific survival
11.3622,1.1778,0.6912,2.0069,TCGA-CESC: disease-specific survival
11.5842,1.1666,0.6874,1.9798,TCGA-CESC: disease-specific survival
11.8105,1.1555,0.6834,1.9535,TCGA-CESC: disease-specific survival
12.0413,1.1445,0.6794,1.928,TCGA-CESC: disease-specific survival
12.2765,1.1336,0.6752,1.9032,TCGA-CESC: disease-specific survival
12.5164,1.1228,0.6709,1.8791,TCGA-CESC: disease-specific survival
12.7609,1.1121,0.6664,1.8557,TCGA-CESC: disease-specific survival
13.0103,1.1015,0.6619,1.833,TCGA-CESC: disease-specific survival
13.2644,1.091,0.6572,1.811,TCGA-CESC: disease-specific survival
13.5236,1.0806,0.6524,1.7897,TCGA-CESC: disease-specific survival
13.7878,1.0703,0.6475,1.7691,TCGA-CESC: disease-specific survival
14.0572,1.0601,0.6425,1.7491,TCGA-CESC: disease-specific survival
14.3319,1.05,0.6374,1.7297,TCGA-CESC: disease-specific survival
14.6119,1.04,0.6322,1.711,TCGA-CESC: disease-specific survival
14.8974,1.0301,0.6268,1.6928,TCGA-CESC: disease-specific survival
15.1884,1.0203,0.6214,1.6753,TCGA-CESC: disease-specific survival
15.4852,1.0106,0.6158,1.6584,TCGA-CESC: disease-specific survival
15.7877,1.0009,0.6101,1.642,TCGA-CESC: disease-specific survival
16.0962,0.9914,0.6044,1.6262,TCGA-CESC: disease-specific survival
16.4107,0.9819,0.5985,1.611,TCGA-CESC: disease-specific survival
16.7313,0.9726,0.5926,1.5963,TCGA-CESC: disease-specific survival
17.0582,0.9633,0.5866,1.5821,TCGA-CESC: disease-specific survival
17.3915,0.9541,0.5805,1.5684,TCGA-CESC: disease-specific survival
17.7313,0.9451,0.5743,1.5552,TCGA-CESC: disease-specific survival
18.0777,0.9361,0.568,1.5425,TCGA-CESC: disease-specific survival
18.4309,0.9271,0.5617,1.5303,TCGA-CESC: disease-specific survival
18.791,0.9183,0.5553,1.5185,TCGA-CESC: disease-specific survival
19.1581,0.9096,0.5489,1.5072,TCGA-CESC: disease-specific survival
19.5324,0.9009,0.5424,1.4963,TCGA-CESC: disease-specific survival
19.9141,0.8923,0.5359,1.4858,TCGA-CESC: disease-specific survival
20.3031,0.8838,0.5293,1.4758,TCGA-CESC: disease-specific survival
20.6998,0.8754,0.5227,1.4661,TCGA-CESC: disease-specific survival
21.1042,0.867,0.516,1.4568,TCGA-CESC: disease-specific survival
21.5166,0.8588,0.5094,1.4479,TCGA-CESC: disease-specific survival
21.937,0.8506,0.5027,1.4393,TCGA-CESC: disease-specific survival
22.3656,0.8425,0.496,1.4311,TCGA-CESC: disease-specific survival
22.8025,0.8345,0.4893,1.4232,TCGA-CESC: disease-specific survival
23.2481,0.8265,0.4826,1.4157,TCGA-CESC: disease-specific survival
23.7023,0.8186,0.4758,1.4084,TCGA-CESC: disease-specific survival
24.1654,0.8109,0.4691,1.4015,TCGA-CESC: disease-specific survival
24.6375,0.8031,0.4624,1.3948,TCGA-CESC: disease-specific survival
25.1189,0.7955,0.4558,1.3884,TCGA-CESC: disease-specific survival
25.6096,0.7879,0.4491,1.3823,TCGA-CESC: disease-specific survival
26.11,0.7804,0.4424,1.3765,TCGA-CESC: disease-specific survival
26.6201,0.773,0.4358,1.3709,TCGA-CESC: disease-specific survival
27.1402,0.7656,0.4292,1.3655,TCGA-CESC: disease-specific survival
27.6705,0.7583,0.4227,1.3604,TCGA-CESC: disease-specific survival
28.2111,0.7511,0.4162,1.3554,TCGA-CESC: disease-specific survival
28.7623,0.7439,0.4097,1.3507,TCGA-CESC: disease-specific survival
29.3242,0.7368,0.4033,1.3463,TCGA-CESC: disease-specific survival
29.8972,0.7298,0.3969,1.342,TCGA-CESC: disease-specific survival
30.4813,0.7229,0.3906,1.3379,TCGA-CESC: disease-specific survival
31.0768,0.716,0.3843,1.3339,TCGA-CESC: disease-specific survival
31.684,0.7092,0.3781,1.3302,TCGA-CESC: disease-specific survival
32.3031,0.7024,0.3719,1.3266,TCGA-CESC: disease-specific survival
32.9342,0.6957,0.3658,1.3232,TCGA-CESC: disease-specific survival
33.5777,0.6891,0.3597,1.32,TCGA-CESC: disease-specific survival
34.2337,0.6825,0.3537,1.3169,TCGA-CESC: disease-specific survival
34.9025,0.676,0.3478,1.3139,TCGA-CESC: disease-specific survival
35.5845,0.6696,0.3419,1.3111,TCGA-CESC: disease-specific survival
36.2797,0.6632,0.3361,1.3084,TCGA-CESC: disease-specific survival
36.9885,0.6569,0.3304,1.3059,TCGA-CESC: disease-specific survival
37.7112,0.6506,0.3248,1.3034,TCGA-CESC: disease-specific survival
38.448,0.6444,0.3192,1.3011,TCGA-CESC: disease-specific survival
39.1992,0.6383,0.3136,1.299,TCGA-CESC: disease-specific survival
39.9651,0.6322,0.3082,1.2969,TCGA-CESC: disease-specific survival
40.7459,0.6262,0.3028,1.2949,TCGA-CESC: disease-specific survival
41.542,0.6202,0.2975,1.2931,TCGA-CESC: disease-specific survival
42.3536,0.6143,0.2922,1.2913,TCGA-CESC: disease-specific survival
43.1811,0.6084,0.2871,1.2896,TCGA-CESC: disease-specific survival
44.0248,0.6026,0.282,1.288,TCGA-CESC: disease-specific survival
44.885,0.5969,0.2769,1.2866,TCGA-CESC: disease-specific survival
45.7619,0.5912,0.272,1.2852,TCGA-CESC: disease-specific survival
46.656,0.5856,0.2671,1.2839,TCGA-CESC: disease-specific survival
47.5676,0.58,0.2623,1.2826,TCGA-CESC: disease-specific survival
48.4969,0.5745,0.2575,1.2815,TCGA-CESC: disease-specific survival
49.4445,0.569,0.2529,1.2804,TCGA-CESC: disease-specific survival
50.4105,0.5636,0.2483,1.2794,TCGA-CESC: disease-specific survival
51.3954,0.5582,0.2437,1.2785,TCGA-CESC: disease-specific survival
52.3996,0.5529,0.2393,1.2776,TCGA-CESC: disease-specific survival
53.4233,0.5476,0.2349,1.2768,TCGA-CESC: disease-specific survival
54.4671,0.5424,0.2306,1.276,TCGA-CESC: disease-specific survival
55.5313,0.5372,0.2263,1.2754,TCGA-CESC: disease-specific survival
56.6163,0.5321,0.2221,1.2747,TCGA-CESC: disease-specific survival
57.7224,0.5271,0.218,1.2742,TCGA-CESC: disease-specific survival
58.8502,0.522,0.214,1.2737,TCGA-CESC: disease-specific survival
60.0,0.5171,0.21,1.2732,TCGA-CESC: disease-specific survival
6.0,1.4188,0.8159,2.4673,TCGA-CESC: progression-free survival
6.1172,1.3981,0.8093,2.415,TCGA-CESC: progression-free survival
6.2367,1.3776,0.8027,2.3642,TCGA-CESC: progression-free survival
6.3586,1.3574,0.796,2.3147,TCGA-CESC: progression-free survival
6.4828,1.3376,0.7893,2.2666,TCGA-CESC: progression-free survival
6.6095,1.318,0.7825,2.2198,TCGA-CESC: progression-free survival
6.7386,1.2987,0.7757,2.1742,TCGA-CESC: progression-free survival
6.8703,1.2797,0.7688,2.13,TCGA-CESC: progression-free survival
7.0045,1.261,0.7619,2.0869,TCGA-CESC: progression-free survival
7.1414,1.2425,0.7549,2.0451,TCGA-CESC: progression-free survival
7.2809,1.2243,0.7478,2.0044,TCGA-CESC: progression-free survival
7.4231,1.2064,0.7407,1.9649,TCGA-CESC: progression-free survival
7.5682,1.1887,0.7335,1.9265,TCGA-CESC: progression-free survival
7.716,1.1713,0.7262,1.8892,TCGA-CESC: progression-free survival
7.8668,1.1542,0.7189,1.853,TCGA-CESC: progression-free survival
8.0205,1.1373,0.7115,1.8178,TCGA-CESC: progression-free survival
8.1772,1.1206,0.7041,1.7837,TCGA-CESC: progression-free survival
8.337,1.1042,0.6966,1.7505,TCGA-CESC: progression-free survival
8.4999,1.0881,0.689,1.7183,TCGA-CESC: progression-free survival
8.6659,1.0722,0.6813,1.6871,TCGA-CESC: progression-free survival
8.8352,1.0565,0.6736,1.6569,TCGA-CESC: progression-free survival
9.0079,1.041,0.6658,1.6275,TCGA-CESC: progression-free survival
9.1839,1.0258,0.658,1.599,TCGA-CESC: progression-free survival
9.3633,1.0107,0.6501,1.5714,TCGA-CESC: progression-free survival
9.5462,0.996,0.6421,1.5447,TCGA-CESC: progression-free survival
9.7327,0.9814,0.6341,1.5188,TCGA-CESC: progression-free survival
9.9229,0.967,0.626,1.4937,TCGA-CESC: progression-free survival
10.1168,0.9529,0.6179,1.4693,TCGA-CESC: progression-free survival
10.3144,0.9389,0.6097,1.4458,TCGA-CESC: progression-free survival
10.516,0.9252,0.6015,1.423,TCGA-CESC: progression-free survival
10.7214,0.9116,0.5932,1.4009,TCGA-CESC: progression-free survival
10.9309,0.8983,0.5849,1.3795,TCGA-CESC: progression-free survival
11.1445,0.8851,0.5766,1.3588,TCGA-CESC: progression-free survival
11.3622,0.8722,0.5682,1.3387,TCGA-CESC: progression-free survival
11.5842,0.8594,0.5598,1.3193,TCGA-CESC: progression-free survival
11.8105,0.8468,0.5514,1.3006,TCGA-CESC: progression-free survival
12.0413,0.8344,0.543,1.2824,TCGA-CESC: progression-free survival
12.2765,0.8222,0.5345,1.2648,TCGA-CESC: progression-free survival
12.5164,0.8102,0.5261,1.2478,TCGA-CESC: progression-free survival
12.7609,0.7983,0.5176,1.2313,TCGA-CESC: progression-free survival
13.0103,0.7866,0.5092,1.2154,TCGA-CESC: progression-free survival
13.2644,0.7751,0.5007,1.1999,TCGA-CESC: progression-free survival
13.5236,0.7638,0.4923,1.185,TCGA-CESC: progression-free survival
13.7878,0.7526,0.4839,1.1705,TCGA-CESC: progression-free survival
14.0572,0.7416,0.4755,1.1565,TCGA-CESC: progression-free survival
14.3319,0.7307,0.4672,1.1429,TCGA-CESC: progression-free survival
14.6119,0.72,0.4589,1.1297,TCGA-CESC: progression-free survival
14.8974,0.7095,0.4507,1.117,TCGA-CESC: progression-free survival
15.1884,0.6991,0.4425,1.1046,TCGA-CESC: progression-free survival
15.4852,0.6889,0.4343,1.0926,TCGA-CESC: progression-free survival
15.7877,0.6788,0.4262,1.081,TCGA-CESC: progression-free survival
16.0962,0.6689,0.4182,1.0697,TCGA-CESC: progression-free survival
16.4107,0.6591,0.4103,1.0587,TCGA-CESC: progression-free survival
16.7313,0.6494,0.4024,1.0481,TCGA-CESC: progression-free survival
17.0582,0.6399,0.3946,1.0377,TCGA-CESC: progression-free survival
17.3915,0.6306,0.3869,1.0277,TCGA-CESC: progression-free survival
17.7313,0.6213,0.3792,1.0179,TCGA-CESC: progression-free survival
18.0777,0.6122,0.3717,1.0084,TCGA-CESC: progression-free survival
18.4309,0.6033,0.3642,0.9992,TCGA-CESC: progression-free survival
18.791,0.5944,0.3569,0.9902,TCGA-CESC: progression-free survival
19.1581,0.5857,0.3496,0.9814,TCGA-CESC: progression-free survival
19.5324,0.5772,0.3424,0.9728,TCGA-CESC: progression-free survival
19.9141,0.5687,0.3353,0.9645,TCGA-CESC: progression-free survival
20.3031,0.5604,0.3284,0.9564,TCGA-CESC: progression-free survival
20.6998,0.5522,0.3215,0.9485,TCGA-CESC: progression-free survival
21.1042,0.5441,0.3147,0.9407,TCGA-CESC: progression-free survival
21.5166,0.5361,0.308,0.9332,TCGA-CESC: progression-free survival
21.937,0.5283,0.3015,0.9258,TCGA-CESC: progression-free survival
22.3656,0.5206,0.295,0.9186,TCGA-CESC: progression-free survival
22.8025,0.5129,0.2887,0.9115,TCGA-CESC: progression-free survival
23.2481,0.5054,0.2824,0.9046,TCGA-CESC: progression-free survival
23.7023,0.498,0.2763,0.8978,TCGA-CESC: progression-free survival
24.1654,0.4907,0.2702,0.8912,TCGA-CESC: progression-free survival
24.6375,0.4836,0.2643,0.8847,TCGA-CESC: progression-free survival
25.1189,0.4765,0.2585,0.8784,TCGA-CESC: progression-free survival
25.6096,0.4695,0.2528,0.8722,TCGA-CESC: progression-free survival
26.11,0.4626,0.2471,0.8661,TCGA-CESC: progression-free survival
26.6201,0.4559,0.2416,0.8601,TCGA-CESC: progression-free survival
27.1402,0.4492,0.2362,0.8542,TCGA-CESC: progression-free survival
27.6705,0.4426,0.2309,0.8484,TCGA-CESC: progression-free survival
28.2111,0.4361,0.2257,0.8427,TCGA-CESC: progression-free survival
28.7623,0.4298,0.2206,0.8372,TCGA-CESC: progression-free survival
29.3242,0.4235,0.2156,0.8317,TCGA-CESC: progression-free survival
29.8972,0.4173,0.2107,0.8263,TCGA-CESC: progression-free survival
30.4813,0.4112,0.2059,0.821,TCGA-CESC: progression-free survival
31.0768,0.4051,0.2012,0.8158,TCGA-CESC: progression-free survival
31.684,0.3992,0.1966,0.8106,TCGA-CESC: progression-free survival
32.3031,0.3934,0.1921,0.8056,TCGA-CESC: progression-free survival
32.9342,0.3876,0.1877,0.8006,TCGA-CESC: progression-free survival
33.5777,0.3819,0.1833,0.7957,TCGA-CESC: progression-free survival
34.2337,0.3763,0.1791,0.7909,TCGA-CESC: progression-free survival
34.9025,0.3708,0.1749,0.7861,TCGA-CESC: progression-free survival
35.5845,0.3654,0.1709,0.7814,TCGA-CESC: progression-free survival
36.2797,0.3601,0.1669,0.7768,TCGA-CESC: progression-free survival
36.9885,0.3548,0.163,0.7722,TCGA-CESC: progression-free survival
37.7112,0.3496,0.1592,0.7677,TCGA-CESC: progression-free survival
38.448,0.3445,0.1555,0.7633,TCGA-CESC: progression-free survival
39.1992,0.3394,0.1518,0.7589,TCGA-CESC: progression-free survival
39.9651,0.3345,0.1483,0.7545,TCGA-CESC: progression-free survival
40.7459,0.3296,0.1448,0.7503,TCGA-CESC: progression-free survival
41.542,0.3247,0.1414,0.746,TCGA-CESC: progression-free survival
42.3536,0.32,0.138,0.7418,TCGA-CESC: progression-free survival
43.1811,0.3153,0.1348,0.7377,TCGA-CESC: progression-free survival
44.0248,0.3107,0.1316,0.7336,TCGA-CESC: progression-free survival
44.885,0.3061,0.1285,0.7296,TCGA-CESC: progression-free survival
45.7619,0.3017,0.1254,0.7256,TCGA-CESC: progression-free survival
46.656,0.2973,0.1224,0.7217,TCGA-CESC: progression-free survival
47.5676,0.2929,0.1195,0.7178,TCGA-CESC: progression-free survival
48.4969,0.2886,0.1167,0.7139,TCGA-CESC: progression-free survival
49.4445,0.2844,0.1139,0.7101,TCGA-CESC: progression-free survival
50.4105,0.2802,0.1112,0.7063,TCGA-CESC: progression-free survival
51.3954,0.2761,0.1085,0.7025,TCGA-CESC: progression-free survival
52.3996,0.2721,0.1059,0.6988,TCGA-CESC: progression-free survival
53.4233,0.2681,0.1034,0.6952,TCGA-CESC: progression-free survival
54.4671,0.2642,0.1009,0.6915,TCGA-CESC: progression-free survival
55.5313,0.2603,0.0985,0.6879,TCGA-CESC: progression-free survival
56.6163,0.2565,0.0961,0.6844,TCGA-CESC: progression-free survival
57.7224,0.2527,0.0938,0.6808,TCGA-CESC: progression-free survival
58.8502,0.249,0.0916,0.6773,TCGA-CESC: progression-free survival
60.0,0.2454,0.0894,0.6739,TCGA-CESC: progression-free survival
6.0,0.9072,0.4577,1.7982,GSE44001: disease-free survival
6.1172,0.9098,0.4626,1.7893,GSE44001: disease-free survival
6.2367,0.9124,0.4675,1.7806,GSE44001: disease-free survival
6.3586,0.915,0.4724,1.772,GSE44001: disease-free survival
6.4828,0.9176,0.4774,1.7636,GSE44001: disease-free survival
6.6095,0.9202,0.4824,1.7553,GSE44001: disease-free survival
6.7386,0.9228,0.4874,1.7471,GSE44001: disease-free survival
6.8703,0.9254,0.4925,1.739,GSE44001: disease-free survival
7.0045,0.928,0.4975,1.7311,GSE44001: disease-free survival
7.1414,0.9307,0.5026,1.7234,GSE44001: disease-free survival
7.2809,0.9333,0.5077,1.7157,GSE44001: disease-free survival
7.4231,0.936,0.5128,1.7083,GSE44001: disease-free survival
7.5682,0.9386,0.518,1.7009,GSE44001: disease-free survival
7.716,0.9413,0.5231,1.6938,GSE44001: disease-free survival
7.8668,0.944,0.5283,1.6867,GSE44001: disease-free survival
8.0205,0.9467,0.5335,1.6799,GSE44001: disease-free survival
8.1772,0.9494,0.5387,1.6732,GSE44001: disease-free survival
8.337,0.9521,0.5439,1.6666,GSE44001: disease-free survival
8.4999,0.9548,0.5491,1.6603,GSE44001: disease-free survival
8.6659,0.9575,0.5543,1.654,GSE44001: disease-free survival
8.8352,0.9602,0.5595,1.648,GSE44001: disease-free survival
9.0079,0.9629,0.5646,1.6422,GSE44001: disease-free survival
9.1839,0.9657,0.5698,1.6365,GSE44001: disease-free survival
9.3633,0.9684,0.575,1.631,GSE44001: disease-free survival
9.5462,0.9712,0.5802,1.6257,GSE44001: disease-free survival
9.7327,0.9739,0.5853,1.6206,GSE44001: disease-free survival
9.9229,0.9767,0.5904,1.6157,GSE44001: disease-free survival
10.1168,0.9795,0.5955,1.611,GSE44001: disease-free survival
10.3144,0.9823,0.6006,1.6065,GSE44001: disease-free survival
10.516,0.985,0.6056,1.6022,GSE44001: disease-free survival
10.7214,0.9878,0.6106,1.5981,GSE44001: disease-free survival
10.9309,0.9907,0.6156,1.5943,GSE44001: disease-free survival
11.1445,0.9935,0.6205,1.5906,GSE44001: disease-free survival
11.3622,0.9963,0.6254,1.5873,GSE44001: disease-free survival
11.5842,0.9991,0.6302,1.5841,GSE44001: disease-free survival
11.8105,1.002,0.6349,1.5812,GSE44001: disease-free survival
12.0413,1.0048,0.6396,1.5786,GSE44001: disease-free survival
12.2765,1.0077,0.6442,1.5762,GSE44001: disease-free survival
12.5164,1.0105,0.6487,1.5741,GSE44001: disease-free survival
12.7609,1.0134,0.6532,1.5722,GSE44001: disease-free survival
13.0103,1.0163,0.6576,1.5707,GSE44001: disease-free survival
13.2644,1.0192,0.6619,1.5694,GSE44001: disease-free survival
13.5236,1.0221,0.6661,1.5684,GSE44001: disease-free survival
13.7878,1.025,0.6702,1.5677,GSE44001: disease-free survival
14.0572,1.0279,0.6741,1.5673,GSE44001: disease-free survival
14.3319,1.0308,0.678,1.5672,GSE44001: disease-free survival
14.6119,1.0337,0.6818,1.5674,GSE44001: disease-free survival
14.8974,1.0367,0.6854,1.568,GSE44001: disease-free survival
15.1884,1.0396,0.6889,1.5689,GSE44001: disease-free survival
15.4852,1.0426,0.6923,1.5701,GSE44001: disease-free survival
15.7877,1.0455,0.6956,1.5717,GSE44001: disease-free survival
16.0962,1.0485,0.6987,1.5736,GSE44001: disease-free survival
16.4107,1.0515,0.7016,1.5758,GSE44001: disease-free survival
16.7313,1.0545,0.7045,1.5784,GSE44001: disease-free survival
17.0582,1.0575,0.7071,1.5814,GSE44001: disease-free survival
17.3915,1.0605,0.7097,1.5848,GSE44001: disease-free survival
17.7313,1.0635,0.712,1.5885,GSE44001: disease-free survival
18.0777,1.0665,0.7142,1.5926,GSE44001: disease-free survival
18.4309,1.0696,0.7163,1.5971,GSE44001: disease-free survival
18.791,1.0726,0.7182,1.6019,GSE44001: disease-free survival
19.1581,1.0757,0.7199,1.6072,GSE44001: disease-free survival
19.5324,1.0787,0.7215,1.6128,GSE44001: disease-free survival
19.9141,1.0818,0.7229,1.6188,GSE44001: disease-free survival
20.3031,1.0849,0.7242,1.6252,GSE44001: disease-free survival
20.6998,1.0879,0.7252,1.632,GSE44001: disease-free survival
21.1042,1.091,0.7262,1.6392,GSE44001: disease-free survival
21.5166,1.0941,0.7269,1.6468,GSE44001: disease-free survival
21.937,1.0972,0.7276,1.6548,GSE44001: disease-free survival
22.3656,1.1004,0.728,1.6632,GSE44001: disease-free survival
22.8025,1.1035,0.7283,1.6719,GSE44001: disease-free survival
23.2481,1.1066,0.7285,1.6811,GSE44001: disease-free survival
23.7023,1.1098,0.7285,1.6907,GSE44001: disease-free survival
24.1654,1.1129,0.7283,1.7006,GSE44001: disease-free survival
24.6375,1.1161,0.728,1.711,GSE44001: disease-free survival
25.1189,1.1193,0.7276,1.7217,GSE44001: disease-free survival
25.6096,1.1224,0.7271,1.7328,GSE44001: disease-free survival
26.11,1.1256,0.7264,1.7444,GSE44001: disease-free survival
26.6201,1.1288,0.7256,1.7563,GSE44001: disease-free survival
27.1402,1.132,0.7246,1.7685,GSE44001: disease-free survival
27.6705,1.1353,0.7236,1.7812,GSE44001: disease-free survival
28.2111,1.1385,0.7224,1.7943,GSE44001: disease-free survival
28.7623,1.1417,0.7211,1.8077,GSE44001: disease-free survival
29.3242,1.145,0.7197,1.8215,GSE44001: disease-free survival
29.8972,1.1482,0.7182,1.8357,GSE44001: disease-free survival
30.4813,1.1515,0.7166,1.8503,GSE44001: disease-free survival
31.0768,1.1548,0.7149,1.8653,GSE44001: disease-free survival
31.684,1.158,0.7131,1.8806,GSE44001: disease-free survival
32.3031,1.1613,0.7112,1.8963,GSE44001: disease-free survival
32.9342,1.1646,0.7093,1.9123,GSE44001: disease-free survival
33.5777,1.1679,0.7072,1.9288,GSE44001: disease-free survival
34.2337,1.1713,0.7051,1.9456,GSE44001: disease-free survival
34.9025,1.1746,0.7029,1.9628,GSE44001: disease-free survival
35.5845,1.1779,0.7007,1.9803,GSE44001: disease-free survival
36.2797,1.1813,0.6983,1.9982,GSE44001: disease-free survival
36.9885,1.1846,0.6959,2.0165,GSE44001: disease-free survival
37.7112,1.188,0.6935,2.0352,GSE44001: disease-free survival
38.448,1.1914,0.691,2.0542,GSE44001: disease-free survival
39.1992,1.1948,0.6884,2.0736,GSE44001: disease-free survival
39.9651,1.1982,0.6858,2.0934,GSE44001: disease-free survival
40.7459,1.2016,0.6831,2.1135,GSE44001: disease-free survival
41.542,1.205,0.6804,2.134,GSE44001: disease-free survival
42.3536,1.2084,0.6777,2.1549,GSE44001: disease-free survival
43.1811,1.2118,0.6749,2.1761,GSE44001: disease-free survival
44.0248,1.2153,0.672,2.1977,GSE44001: disease-free survival
44.885,1.2187,0.6692,2.2197,GSE44001: disease-free survival
45.7619,1.2222,0.6663,2.2421,GSE44001: disease-free survival
46.656,1.2257,0.6633,2.2648,GSE44001: disease-free survival
47.5676,1.2292,0.6604,2.2879,GSE44001: disease-free survival
48.4969,1.2327,0.6574,2.3114,GSE44001: disease-free survival
49.4445,1.2362,0.6544,2.3353,GSE44001: disease-free survival
50.4105,1.2397,0.6513,2.3595,GSE44001: disease-free survival
51.3954,1.2432,0.6483,2.3842,GSE44001: disease-free survival
52.3996,1.2467,0.6452,2.4092,GSE44001: disease-free survival
53.4233,1.2503,0.6421,2.4346,GSE44001: disease-free survival
54.4671,1.2538,0.639,2.4605,GSE44001: disease-free survival
55.5313,1.2574,0.6358,2.4867,GSE44001: disease-free survival
56.6163,1.261,0.6327,2.5133,GSE44001: disease-free survival
57.7224,1.2646,0.6295,2.5403,GSE44001: disease-free survival
58.8502,1.2682,0.6263,2.5677,GSE44001: disease-free survival
60.0,1.2718,0.6232,2.5955,GSE44001: disease-free survival
